Executing action: all (aliases: build)
Running ninja in directory /home/raymond/VSCODE/breath-detect-espidf/build
Executing "ninja all"...
[0/1] Re-running CMake...
-- Minimal build - OFF
-- git rev-parse returned 'fatal: (현재 폴더 또는 상위 폴더 중 일부가) 깃 저장소가 아닙니다: .git'
-- Could not use 'git describe' to determine PROJECT_VER.
-- Building ESP-IDF components for target esp32
NOTICE: Processing 1 dependencies:
NOTICE: [1/1] idf (5.5.0)
-- Project sdkconfig file /home/raymond/VSCODE/breath-detect-espidf/sdkconfig
Loading defaults file /home/raymond/VSCODE/breath-detect-espidf/sdkconfig.defaults...
-- Compiler supported targets: xtensa-esp-elf
-- App "breath_detect_espidf" version: 1
-- Adding linker script /home/raymond/VSCODE/breath-detect-espidf/build/esp-idf/esp_system/ld/memory.ld
-- Adding linker script /home/raymond/VSCODE/breath-detect-espidf/build/esp-idf/esp_system/ld/sections.ld.in
-- Adding linker script /home/raymond/esp/esp-idf/components/esp_rom/esp32/ld/esp32.rom.ld
-- Adding linker script /home/raymond/esp/esp-idf/components/esp_rom/esp32/ld/esp32.rom.api.ld
-- Adding linker script /home/raymond/esp/esp-idf/components/esp_rom/esp32/ld/esp32.rom.libgcc.ld
-- Adding linker script /home/raymond/esp/esp-idf/components/esp_rom/esp32/ld/esp32.rom.newlib-data.ld
-- Adding linker script /home/raymond/esp/esp-idf/components/esp_rom/esp32/ld/esp32.rom.syscalls.ld
-- Adding linker script /home/raymond/esp/esp-idf/components/esp_rom/esp32/ld/esp32.rom.libc-funcs.ld
-- Adding linker script /home/raymond/esp/esp-idf/components/esp_rom/esp32/ld/esp32.rom.newlib-reent-funcs.ld
-- Adding linker script /home/raymond/esp/esp-idf/components/soc/esp32/ld/esp32.peripherals.ld
-- Components: Adafruit_BusIO Adafruit_MLX90614 app_trace app_update arduino arduinoFFT bootloader bootloader_support bt cmock console cxx driver efuse esp-tls esp_adc esp_app_format esp_bootloader_format esp_coex esp_common esp_driver_ana_cmpr esp_driver_cam esp_driver_dac esp_driver_gpio esp_driver_gptimer esp_driver_i2c esp_driver_i2s esp_driver_isp esp_driver_jpeg esp_driver_ledc esp_driver_mcpwm esp_driver_parlio esp_driver_pcnt esp_driver_ppa esp_driver_rmt esp_driver_sdio esp_driver_sdm esp_driver_sdmmc esp_driver_sdspi esp_driver_spi esp_driver_touch_sens esp_driver_tsens esp_driver_uart esp_driver_usb_serial_jtag esp_eth esp_event esp_gdbstub esp_hid esp_http_client esp_http_server esp_https_ota esp_https_server esp_hw_support esp_lcd esp_local_ctrl esp_mm esp_netif esp_netif_stack esp_partition esp_phy esp_pm esp_psram esp_ringbuf esp_rom esp_security esp_system esp_timer esp_vfs_console esp_wifi espcoredump esptool_py fatfs freertos hal heap http_parser idf_test ieee802154 json log lwip main mbedtls mqtt newlib nvs_flash nvs_sec_provider openthread partition_table perfmon protobuf-c protocomm pthread rt sdmmc soc spi_flash spiffs tcp_transport ulp unity usb vfs wear_levelling wifi_provisioning wpa_supplicant xtensa
-- Component paths: /home/raymond/VSCODE/breath-detect-espidf/components/Adafruit_BusIO /home/raymond/VSCODE/breath-detect-espidf/components/Adafruit_MLX90614 /home/raymond/esp/esp-idf/components/app_trace /home/raymond/esp/esp-idf/components/app_update /home/raymond/VSCODE/breath-detect-espidf/components/arduino /home/raymond/VSCODE/breath-detect-espidf/components/arduinoFFT /home/raymond/esp/esp-idf/components/bootloader /home/raymond/esp/esp-idf/components/bootloader_support /home/raymond/esp/esp-idf/components/bt /home/raymond/esp/esp-idf/components/cmock /home/raymond/esp/esp-idf/components/console /home/raymond/esp/esp-idf/components/cxx /home/raymond/esp/esp-idf/components/driver /home/raymond/esp/esp-idf/components/efuse /home/raymond/esp/esp-idf/components/esp-tls /home/raymond/esp/esp-idf/components/esp_adc /home/raymond/esp/esp-idf/components/esp_app_format /home/raymond/esp/esp-idf/components/esp_bootloader_format /home/raymond/esp/esp-idf/components/esp_coex /home/raymond/esp/esp-idf/components/esp_common /home/raymond/esp/esp-idf/components/esp_driver_ana_cmpr /home/raymond/esp/esp-idf/components/esp_driver_cam /home/raymond/esp/esp-idf/components/esp_driver_dac /home/raymond/esp/esp-idf/components/esp_driver_gpio /home/raymond/esp/esp-idf/components/esp_driver_gptimer /home/raymond/esp/esp-idf/components/esp_driver_i2c /home/raymond/esp/esp-idf/components/esp_driver_i2s /home/raymond/esp/esp-idf/components/esp_driver_isp /home/raymond/esp/esp-idf/components/esp_driver_jpeg /home/raymond/esp/esp-idf/components/esp_driver_ledc /home/raymond/esp/esp-idf/components/esp_driver_mcpwm /home/raymond/esp/esp-idf/components/esp_driver_parlio /home/raymond/esp/esp-idf/components/esp_driver_pcnt /home/raymond/esp/esp-idf/components/esp_driver_ppa /home/raymond/esp/esp-idf/components/esp_driver_rmt /home/raymond/esp/esp-idf/components/esp_driver_sdio /home/raymond/esp/esp-idf/components/esp_driver_sdm /home/raymond/esp/esp-idf/components/esp_driver_sdmmc /home/raymond/esp/esp-idf/components/esp_driver_sdspi /home/raymond/esp/esp-idf/components/esp_driver_spi /home/raymond/esp/esp-idf/components/esp_driver_touch_sens /home/raymond/esp/esp-idf/components/esp_driver_tsens /home/raymond/esp/esp-idf/components/esp_driver_uart /home/raymond/esp/esp-idf/components/esp_driver_usb_serial_jtag /home/raymond/esp/esp-idf/components/esp_eth /home/raymond/esp/esp-idf/components/esp_event /home/raymond/esp/esp-idf/components/esp_gdbstub /home/raymond/esp/esp-idf/components/esp_hid /home/raymond/esp/esp-idf/components/esp_http_client /home/raymond/esp/esp-idf/components/esp_http_server /home/raymond/esp/esp-idf/components/esp_https_ota /home/raymond/esp/esp-idf/components/esp_https_server /home/raymond/esp/esp-idf/components/esp_hw_support /home/raymond/esp/esp-idf/components/esp_lcd /home/raymond/esp/esp-idf/components/esp_local_ctrl /home/raymond/esp/esp-idf/components/esp_mm /home/raymond/esp/esp-idf/components/esp_netif /home/raymond/esp/esp-idf/components/esp_netif_stack /home/raymond/esp/esp-idf/components/esp_partition /home/raymond/esp/esp-idf/components/esp_phy /home/raymond/esp/esp-idf/components/esp_pm /home/raymond/esp/esp-idf/components/esp_psram /home/raymond/esp/esp-idf/components/esp_ringbuf /home/raymond/esp/esp-idf/components/esp_rom /home/raymond/esp/esp-idf/components/esp_security /home/raymond/esp/esp-idf/components/esp_system /home/raymond/esp/esp-idf/components/esp_timer /home/raymond/esp/esp-idf/components/esp_vfs_console /home/raymond/esp/esp-idf/components/esp_wifi /home/raymond/esp/esp-idf/components/espcoredump /home/raymond/esp/esp-idf/components/esptool_py /home/raymond/esp/esp-idf/components/fatfs /home/raymond/esp/esp-idf/components/freertos /home/raymond/esp/esp-idf/components/hal /home/raymond/esp/esp-idf/components/heap /home/raymond/esp/esp-idf/components/http_parser /home/raymond/esp/esp-idf/components/idf_test /home/raymond/esp/esp-idf/components/ieee802154 /home/raymond/esp/esp-idf/components/json /home/raymond/esp/esp-idf/components/log /home/raymond/esp/esp-idf/components/lwip /home/raymond/VSCODE/breath-detect-espidf/main /home/raymond/esp/esp-idf/components/mbedtls /home/raymond/esp/esp-idf/components/mqtt /home/raymond/esp/esp-idf/components/newlib /home/raymond/esp/esp-idf/components/nvs_flash /home/raymond/esp/esp-idf/components/nvs_sec_provider /home/raymond/esp/esp-idf/components/openthread /home/raymond/esp/esp-idf/components/partition_table /home/raymond/esp/esp-idf/components/perfmon /home/raymond/esp/esp-idf/components/protobuf-c /home/raymond/esp/esp-idf/components/protocomm /home/raymond/esp/esp-idf/components/pthread /home/raymond/esp/esp-idf/components/rt /home/raymond/esp/esp-idf/components/sdmmc /home/raymond/esp/esp-idf/components/soc /home/raymond/esp/esp-idf/components/spi_flash /home/raymond/esp/esp-idf/components/spiffs /home/raymond/esp/esp-idf/components/tcp_transport /home/raymond/esp/esp-idf/components/ulp /home/raymond/esp/esp-idf/components/unity /home/raymond/esp/esp-idf/components/usb /home/raymond/esp/esp-idf/components/vfs /home/raymond/esp/esp-idf/components/wear_levelling /home/raymond/esp/esp-idf/components/wifi_provisioning /home/raymond/esp/esp-idf/components/wpa_supplicant /home/raymond/esp/esp-idf/components/xtensa
-- Configuring done (5.2s)
-- Generating done (0.6s)
-- Build files have been written to: /home/raymond/VSCODE/breath-detect-espidf/build
[1/1503] Generating /home/raymond/VSCODE/breath-detect-espidf/build/esp-idf/esp_system/ld/memory.ld linker script...
[2/1503] Generating /home/raymond/VSCODE/breath-detect-espidf/build/esp-idf/esp_system/ld/sections.ld.in linker script...
[3/1503] Building C object esp-idf/mbedtls/mbedtls/3rdparty/everest/CMakeFiles/everest.dir/library/x25519.c.obj
[4/1503] Building C object esp-idf/mbedtls/mbedtls/3rdparty/everest/CMakeFiles/everest.dir/library/Hacl_Curve25519_joined.c.obj
[5/1503] Building C object esp-idf/mbedtls/mbedtls/library/CMakeFiles/mbedcrypto.dir/aesni.c.obj
[6/1503] Building C object esp-idf/mbedtls/mbedtls/3rdparty/everest/CMakeFiles/everest.dir/library/everest.c.obj
[7/1503] Building C object esp-idf/mbedtls/mbedtls/3rdparty/p256-m/CMakeFiles/p256m.dir/p256-m/p256-m.c.obj
[8/1503] Building C object esp-idf/mbedtls/mbedtls/library/CMakeFiles/mbedcrypto.dir/aesce.c.obj
[9/1503] Building C object esp-idf/mbedtls/mbedtls/3rdparty/p256-m/CMakeFiles/p256m.dir/p256-m_driver_entrypoints.c.obj
[10/1503] Building C object esp-idf/mbedtls/mbedtls/library/CMakeFiles/mbedcrypto.dir/aes.c.obj
[11/1503] Building C object esp-idf/mbedtls/mbedtls/library/CMakeFiles/mbedcrypto.dir/asn1parse.c.obj
[12/1503] Generating ../../partition_table/partition-table.bin
Partition table binary generated. Contents:
*******************************************************************************
# ESP-IDF Partition Table
# Name, Type, SubType, Offset, Size, Flags
nvs,data,nvs,0x9000,24K,
phy_init,data,phy,0xf000,4K,
factory,app,factory,0x10000,1500K,
*******************************************************************************
[13/1503] Building C object esp-idf/mbedtls/mbedtls/library/CMakeFiles/mbedcrypto.dir/aria.c.obj
[14/1503] Building C object esp-idf/mbedtls/mbedtls/library/CMakeFiles/mbedcrypto.dir/bignum_mod.c.obj
[15/1503] Building C object esp-idf/mbedtls/mbedtls/library/CMakeFiles/mbedcrypto.dir/camellia.c.obj
[16/1503] Building C object esp-idf/mbedtls/mbedtls/library/CMakeFiles/mbedcrypto.dir/block_cipher.c.obj
[17/1503] Building C object esp-idf/mbedtls/mbedtls/library/CMakeFiles/mbedcrypto.dir/asn1write.c.obj
[18/1503] Building C object esp-idf/mbedtls/mbedtls/library/CMakeFiles/mbedcrypto.dir/bignum_mod_raw.c.obj
[19/1503] Building C object esp-idf/mbedtls/mbedtls/library/CMakeFiles/mbedcrypto.dir/chachapoly.c.obj
[20/1503] Building C object esp-idf/mbedtls/mbedtls/library/CMakeFiles/mbedcrypto.dir/base64.c.obj
[21/1503] Building C object esp-idf/mbedtls/mbedtls/library/CMakeFiles/mbedcrypto.dir/chacha20.c.obj
[22/1503] Building C object esp-idf/mbedtls/mbedtls/library/CMakeFiles/mbedcrypto.dir/constant_time.c.obj
[23/1503] Building C object esp-idf/mbedtls/mbedtls/library/CMakeFiles/mbedcrypto.dir/ccm.c.obj
[24/1503] Building C object esp-idf/mbedtls/mbedtls/library/CMakeFiles/mbedcrypto.dir/des.c.obj
[25/1503] Building C object esp-idf/mbedtls/mbedtls/library/CMakeFiles/mbedcrypto.dir/cipher_wrap.c.obj
[26/1503] Building C object esp-idf/mbedtls/mbedtls/library/CMakeFiles/mbedcrypto.dir/dhm.c.obj
[27/1503] Building C object esp-idf/mbedtls/mbedtls/library/CMakeFiles/mbedcrypto.dir/bignum.c.obj
[28/1503] Building C object esp-idf/mbedtls/mbedtls/library/CMakeFiles/mbedcrypto.dir/ecjpake.c.obj
[29/1503] Building C object esp-idf/mbedtls/mbedtls/library/CMakeFiles/mbedcrypto.dir/ctr_drbg.c.obj
[30/1503] Building C object esp-idf/mbedtls/mbedtls/library/CMakeFiles/mbedcrypto.dir/cipher.c.obj
[31/1503] Building C object esp-idf/mbedtls/mbedtls/library/CMakeFiles/mbedcrypto.dir/cmac.c.obj
[32/1503] Building C object esp-idf/mbedtls/mbedtls/library/CMakeFiles/mbedcrypto.dir/bignum_core.c.obj
[33/1503] Building C object esp-idf/mbedtls/mbedtls/library/CMakeFiles/mbedcrypto.dir/entropy_poll.c.obj
[34/1503] Building C object esp-idf/mbedtls/mbedtls/library/CMakeFiles/mbedcrypto.dir/ecdh.c.obj
[35/1503] Building C object esp-idf/mbedtls/mbedtls/library/CMakeFiles/mbedcrypto.dir/ecp_curves_new.c.obj
[36/1503] Building C object esp-idf/mbedtls/mbedtls/library/CMakeFiles/mbedcrypto.dir/hkdf.c.obj
[37/1503] Building C object esp-idf/mbedtls/mbedtls/library/CMakeFiles/mbedcrypto.dir/ecdsa.c.obj
[38/1503] Building C object esp-idf/mbedtls/mbedtls/library/CMakeFiles/mbedcrypto.dir/error.c.obj
[39/1503] Building C object esp-idf/mbedtls/mbedtls/library/CMakeFiles/mbedcrypto.dir/entropy.c.obj
[40/1503] Building C object esp-idf/mbedtls/mbedtls/library/CMakeFiles/mbedcrypto.dir/gcm.c.obj
[41/1503] Building C object esp-idf/mbedtls/mbedtls/library/CMakeFiles/mbedcrypto.dir/hmac_drbg.c.obj
[42/1503] Building C object esp-idf/mbedtls/mbedtls/library/CMakeFiles/mbedcrypto.dir/md5.c.obj
[43/1503] Building C object esp-idf/mbedtls/mbedtls/library/CMakeFiles/mbedcrypto.dir/memory_buffer_alloc.c.obj
[44/1503] Building C object esp-idf/mbedtls/mbedtls/library/CMakeFiles/mbedcrypto.dir/nist_kw.c.obj
[45/1503] Building C object esp-idf/mbedtls/mbedtls/library/CMakeFiles/mbedcrypto.dir/lmots.c.obj
[46/1503] Building C object esp-idf/mbedtls/mbedtls/library/CMakeFiles/mbedcrypto.dir/padlock.c.obj
[47/1503] Building C object esp-idf/mbedtls/mbedtls/library/CMakeFiles/mbedcrypto.dir/lms.c.obj
[48/1503] Building C object esp-idf/mbedtls/mbedtls/library/CMakeFiles/mbedcrypto.dir/md.c.obj
[49/1503] Building C object esp-idf/mbedtls/mbedtls/library/CMakeFiles/mbedcrypto.dir/ecp_curves.c.obj
[50/1503] Building C object esp-idf/mbedtls/mbedtls/library/CMakeFiles/mbedcrypto.dir/ecp.c.obj
[51/1503] Building C object esp-idf/mbedtls/mbedtls/library/CMakeFiles/mbedcrypto.dir/pk_ecc.c.obj
[52/1503] Building C object esp-idf/mbedtls/mbedtls/library/CMakeFiles/mbedcrypto.dir/pk_wrap.c.obj
[53/1503] Building C object esp-idf/mbedtls/mbedtls/library/CMakeFiles/mbedcrypto.dir/pem.c.obj
[54/1503] Building C object esp-idf/mbedtls/mbedtls/library/CMakeFiles/mbedcrypto.dir/oid.c.obj
[55/1503] Building C object esp-idf/mbedtls/mbedtls/library/CMakeFiles/mbedcrypto.dir/platform.c.obj
[56/1503] Building C object esp-idf/mbedtls/mbedtls/library/CMakeFiles/mbedcrypto.dir/platform_util.c.obj
[57/1503] Building C object esp-idf/mbedtls/mbedtls/library/CMakeFiles/mbedcrypto.dir/pkcs5.c.obj
[58/1503] Building C object esp-idf/mbedtls/mbedtls/library/CMakeFiles/mbedcrypto.dir/poly1305.c.obj
[59/1503] Building C object esp-idf/mbedtls/mbedtls/library/CMakeFiles/mbedcrypto.dir/pk.c.obj
[60/1503] Building C object esp-idf/mbedtls/mbedtls/library/CMakeFiles/mbedcrypto.dir/pkcs12.c.obj
[61/1503] Building C object esp-idf/mbedtls/mbedtls/library/CMakeFiles/mbedcrypto.dir/psa_crypto_client.c.obj
[62/1503] Building C object esp-idf/mbedtls/mbedtls/library/CMakeFiles/mbedcrypto.dir/psa_crypto_aead.c.obj
[63/1503] Building C object esp-idf/mbedtls/mbedtls/library/CMakeFiles/mbedcrypto.dir/pkwrite.c.obj
[64/1503] Building C object esp-idf/mbedtls/mbedtls/library/CMakeFiles/mbedcrypto.dir/psa_crypto_driver_wrappers_no_static.c.obj
[65/1503] Building C object esp-idf/mbedtls/mbedtls/library/CMakeFiles/mbedcrypto.dir/psa_crypto_ffdh.c.obj
[66/1503] Building C object esp-idf/mbedtls/mbedtls/library/CMakeFiles/mbedcrypto.dir/pkparse.c.obj
[67/1503] Building C object esp-idf/mbedtls/mbedtls/library/CMakeFiles/mbedcrypto.dir/psa_crypto_cipher.c.obj
[68/1503] Building C object esp-idf/mbedtls/mbedtls/library/CMakeFiles/mbedcrypto.dir/psa_crypto_ecp.c.obj
[69/1503] Building C object esp-idf/mbedtls/mbedtls/library/CMakeFiles/mbedcrypto.dir/psa_crypto_hash.c.obj
[70/1503] Building C object esp-idf/mbedtls/mbedtls/library/CMakeFiles/mbedcrypto.dir/psa_crypto_se.c.obj
[71/1503] Building C object esp-idf/mbedtls/mbedtls/library/CMakeFiles/mbedcrypto.dir/psa_crypto_mac.c.obj
[72/1503] Building C object esp-idf/mbedtls/mbedtls/library/CMakeFiles/mbedcrypto.dir/psa_crypto_pake.c.obj
[73/1503] Building C object esp-idf/mbedtls/mbedtls/library/CMakeFiles/mbedcrypto.dir/ripemd160.c.obj
[74/1503] Building C object esp-idf/mbedtls/mbedtls/library/CMakeFiles/mbedcrypto.dir/psa_crypto_rsa.c.obj
[75/1503] Building C object esp-idf/mbedtls/mbedtls/library/CMakeFiles/mbedcrypto.dir/psa_its_file.c.obj
[76/1503] Building C object esp-idf/mbedtls/mbedtls/library/CMakeFiles/mbedcrypto.dir/psa_crypto_slot_management.c.obj
[77/1503] Building C object esp-idf/mbedtls/mbedtls/library/CMakeFiles/mbedcrypto.dir/psa_util.c.obj
[78/1503] Building C object esp-idf/mbedtls/mbedtls/library/CMakeFiles/mbedcrypto.dir/psa_crypto_storage.c.obj
[79/1503] Building C object esp-idf/mbedtls/mbedtls/library/CMakeFiles/mbedcrypto.dir/sha1.c.obj
[80/1503] Building C object esp-idf/mbedtls/mbedtls/library/CMakeFiles/mbedcrypto.dir/threading.c.obj
[81/1503] Building C object esp-idf/mbedtls/mbedtls/library/CMakeFiles/mbedcrypto.dir/sha3.c.obj
[82/1503] Building C object esp-idf/mbedtls/mbedtls/library/CMakeFiles/mbedcrypto.dir/timing.c.obj
[83/1503] Building C object esp-idf/mbedtls/mbedtls/library/CMakeFiles/mbedcrypto.dir/sha256.c.obj
[84/1503] Building C object esp-idf/mbedtls/mbedtls/library/CMakeFiles/mbedcrypto.dir/rsa_alt_helpers.c.obj
[85/1503] Building C object esp-idf/mbedtls/mbedtls/library/CMakeFiles/mbedcrypto.dir/version.c.obj
[86/1503] Building C object esp-idf/mbedtls/mbedtls/library/CMakeFiles/mbedcrypto.dir/home/raymond/esp/esp-idf/components/mbedtls/port/esp_hardware.c.obj
[87/1503] Building C object esp-idf/mbedtls/mbedtls/library/CMakeFiles/mbedcrypto.dir/sha512.c.obj
[88/1503] Building C object esp-idf/mbedtls/mbedtls/library/CMakeFiles/mbedcrypto.dir/home/raymond/esp/esp-idf/components/mbedtls/port/esp_mem.c.obj
[89/1503] Building C object esp-idf/mbedtls/mbedtls/library/CMakeFiles/mbedcrypto.dir/version_features.c.obj
[90/1503] Building C object esp-idf/mbedtls/mbedtls/library/CMakeFiles/mbedcrypto.dir/home/raymond/esp/esp-idf/components/mbedtls/port/esp_timing.c.obj
[91/1503] Building C object esp-idf/mbedtls/mbedtls/library/CMakeFiles/mbedcrypto.dir/home/raymond/esp/esp-idf/components/mbedtls/port/aes/esp_aes_xts.c.obj
[92/1503] Building C object esp-idf/mbedtls/mbedtls/library/CMakeFiles/mbedcrypto.dir/home/raymond/esp/esp-idf/components/mbedtls/port/aes/esp_aes_common.c.obj
[93/1503] Building C object esp-idf/mbedtls/mbedtls/library/CMakeFiles/mbedcrypto.dir/home/raymond/esp/esp-idf/components/mbedtls/port/sha/esp_sha.c.obj
[94/1503] Building C object esp-idf/mbedtls/mbedtls/library/CMakeFiles/mbedcrypto.dir/home/raymond/esp/esp-idf/components/mbedtls/port/aes/block/esp_aes.c.obj
[95/1503] Building C object esp-idf/mbedtls/mbedtls/library/CMakeFiles/mbedcrypto.dir/home/raymond/esp/esp-idf/components/mbedtls/port/sha/parallel_engine/sha.c.obj
[96/1503] Building C object esp-idf/mbedtls/mbedtls/library/CMakeFiles/mbedcrypto.dir/home/raymond/esp/esp-idf/components/mbedtls/port/bignum/bignum_alt.c.obj
[97/1503] Building C object esp-idf/mbedtls/mbedtls/library/CMakeFiles/mbedcrypto.dir/home/raymond/esp/esp-idf/components/mbedtls/port/md/esp_md.c.obj
[98/1503] Building C object esp-idf/mbedtls/mbedtls/library/CMakeFiles/mbedcrypto.dir/home/raymond/esp/esp-idf/components/mbedtls/port/bignum/esp_bignum.c.obj
[99/1503] Building C object esp-idf/mbedtls/mbedtls/library/CMakeFiles/mbedcrypto.dir/home/raymond/esp/esp-idf/components/mbedtls/port/sha/parallel_engine/esp_sha1.c.obj
[100/1503] Building C object esp-idf/mbedtls/mbedtls/library/CMakeFiles/mbedcrypto.dir/home/raymond/esp/esp-idf/components/mbedtls/port/sha/parallel_engine/esp_sha256.c.obj
[101/1503] Building C object esp-idf/mbedtls/mbedtls/library/CMakeFiles/mbedcrypto.dir/home/raymond/esp/esp-idf/components/mbedtls/port/aes/esp_aes_gcm.c.obj
[102/1503] Building C object esp-idf/mbedtls/mbedtls/library/CMakeFiles/mbedx509.dir/x509_create.c.obj
[103/1503] Building C object esp-idf/mbedtls/mbedtls/library/CMakeFiles/mbedx509.dir/pkcs7.c.obj
[104/1503] Building C object esp-idf/mbedtls/mbedtls/library/CMakeFiles/mbedcrypto.dir/rsa.c.obj
[105/1503] Building C object esp-idf/mbedtls/mbedtls/library/CMakeFiles/mbedcrypto.dir/home/raymond/esp/esp-idf/components/mbedtls/port/sha/parallel_engine/esp_sha512.c.obj
[106/1503] Building C object esp-idf/mbedtls/mbedtls/library/CMakeFiles/mbedx509.dir/x509write_crt.c.obj
[107/1503] Building C object esp-idf/mbedtls/mbedtls/library/CMakeFiles/mbedx509.dir/x509write.c.obj
[108/1503] Building C object esp-idf/mbedtls/mbedtls/library/CMakeFiles/mbedtls.dir/mps_reader.c.obj
[109/1503] Building C object esp-idf/mbedtls/mbedtls/library/CMakeFiles/mbedcrypto.dir/psa_crypto.c.obj
[110/1503] Building C object esp-idf/mbedtls/mbedtls/library/CMakeFiles/mbedtls.dir/debug.c.obj
[111/1503] Building C object esp-idf/mbedtls/mbedtls/library/CMakeFiles/mbedx509.dir/x509_csr.c.obj
[112/1503] Building C object esp-idf/mbedtls/mbedtls/library/CMakeFiles/mbedx509.dir/x509write_csr.c.obj
[113/1503] Building C object esp-idf/mbedtls/mbedtls/library/CMakeFiles/mbedtls.dir/mps_trace.c.obj
[114/1503] Building C object esp-idf/mbedtls/mbedtls/library/CMakeFiles/mbedx509.dir/x509_crl.c.obj
[115/1503] Building C object esp-idf/mbedtls/mbedtls/library/CMakeFiles/mbedtls.dir/ssl_debug_helpers_generated.c.obj
[116/1503] Building C object esp-idf/mbedtls/mbedtls/library/CMakeFiles/mbedx509.dir/x509_crt.c.obj
[117/1503] Building C object esp-idf/mbedtls/mbedtls/library/CMakeFiles/mbedtls.dir/ssl_cache.c.obj
[118/1503] Building C object esp-idf/mbedtls/mbedtls/library/CMakeFiles/mbedx509.dir/x509.c.obj
[119/1503] Building C object esp-idf/mbedtls/mbedtls/library/CMakeFiles/mbedtls.dir/ssl_ciphersuites.c.obj
[120/1503] Building C object esp-idf/mbedtls/mbedtls/library/CMakeFiles/mbedtls.dir/ssl_client.c.obj
[121/1503] Building C object esp-idf/mbedtls/mbedtls/library/CMakeFiles/mbedtls.dir/ssl_cookie.c.obj
[122/1503] Building C object esp-idf/mbedtls/mbedtls/library/CMakeFiles/mbedtls.dir/ssl_tls13_server.c.obj
[123/1503] Building C object esp-idf/mbedtls/mbedtls/library/CMakeFiles/mbedtls.dir/ssl_tls13_keys.c.obj
[124/1503] Building C object esp-idf/mbedtls/mbedtls/library/CMakeFiles/mbedtls.dir/ssl_tls13_client.c.obj
[125/1503] Building C object esp-idf/mbedtls/mbedtls/library/CMakeFiles/mbedtls.dir/ssl_tls13_generic.c.obj
[126/1503] Building C object esp-idf/mbedtls/mbedtls/library/CMakeFiles/mbedtls.dir/ssl_ticket.c.obj
[127/1503] Building C object esp-idf/mbedtls/mbedtls/library/CMakeFiles/mbedtls.dir/home/raymond/esp/esp-idf/components/mbedtls/port/esp_platform_time.c.obj
[128/1503] Building C object esp-idf/mbedtls/mbedtls/library/CMakeFiles/mbedtls.dir/home/raymond/esp/esp-idf/components/mbedtls/port/mbedtls_debug.c.obj
[129/1503] Building C object esp-idf/mbedtls/mbedtls/library/CMakeFiles/mbedtls.dir/ssl_msg.c.obj
[130/1503] Building C object esp-idf/esp_app_format/CMakeFiles/__idf_esp_app_format.dir/esp_app_desc.c.obj
[131/1503] Building C object esp-idf/esp_bootloader_format/CMakeFiles/__idf_esp_bootloader_format.dir/esp_bootloader_desc.c.obj
[132/1503] Building C object esp-idf/app_update/CMakeFiles/__idf_app_update.dir/esp_ota_app_desc.c.obj
[133/1503] Building C object esp-idf/esp_partition/CMakeFiles/__idf_esp_partition.dir/partition.c.obj
[134/1503] Building C object esp-idf/mbedtls/mbedtls/library/CMakeFiles/mbedtls.dir/home/raymond/esp/esp-idf/components/mbedtls/port/net_sockets.c.obj
[135/1503] Building C object esp-idf/efuse/CMakeFiles/__idf_efuse.dir/esp32/esp_efuse_table.c.obj
[136/1503] Building C object esp-idf/mbedtls/mbedtls/library/CMakeFiles/mbedtls.dir/ssl_tls.c.obj
[137/1503] Building C object esp-idf/esp_partition/CMakeFiles/__idf_esp_partition.dir/partition_target.c.obj
[138/1503] Building C object esp-idf/mbedtls/mbedtls/library/CMakeFiles/mbedtls.dir/ssl_tls12_client.c.obj
[139/1503] Building C object esp-idf/efuse/CMakeFiles/__idf_efuse.dir/esp32/esp_efuse_fields.c.obj
[140/1503] Building C object esp-idf/app_update/CMakeFiles/__idf_app_update.dir/esp_ota_ops.c.obj
[141/1503] Building C object esp-idf/efuse/CMakeFiles/__idf_efuse.dir/esp32/esp_efuse_utility.c.obj
[142/1503] Building C object esp-idf/efuse/CMakeFiles/__idf_efuse.dir/src/esp_efuse_api.c.obj
[143/1503] Building C object esp-idf/efuse/CMakeFiles/__idf_efuse.dir/src/esp_efuse_fields.c.obj
[144/1503] Building C object esp-idf/mbedtls/mbedtls/library/CMakeFiles/mbedtls.dir/ssl_tls12_server.c.obj
[145/1503] Building C object esp-idf/efuse/CMakeFiles/__idf_efuse.dir/src/efuse_controller/keys/without_key_purposes/three_key_blocks/esp_efuse_api_key.c.obj
[146/1503] Building C object esp-idf/efuse/CMakeFiles/__idf_efuse.dir/src/esp_efuse_startup.c.obj
[147/1503] Building C object esp-idf/bootloader_support/CMakeFiles/__idf_bootloader_support.dir/src/bootloader_mem.c.obj
[148/1503] Building C object esp-idf/bootloader_support/CMakeFiles/__idf_bootloader_support.dir/src/bootloader_random.c.obj
[149/1503] Building C object esp-idf/bootloader_support/CMakeFiles/__idf_bootloader_support.dir/src/bootloader_efuse.c.obj
[150/1503] Building C object esp-idf/bootloader_support/CMakeFiles/__idf_bootloader_support.dir/src/bootloader_clock_init.c.obj
[151/1503] Building C object esp-idf/efuse/CMakeFiles/__idf_efuse.dir/src/esp_efuse_utility.c.obj
[152/1503] Building C object esp-idf/bootloader_support/CMakeFiles/__idf_bootloader_support.dir/src/bootloader_common.c.obj
[153/1503] Building C object esp-idf/bootloader_support/CMakeFiles/__idf_bootloader_support.dir/src/bootloader_common_loader.c.obj
[154/1503] Building C object esp-idf/bootloader_support/CMakeFiles/__idf_bootloader_support.dir/src/bootloader_random_esp32.c.obj
[155/1503] Building C object esp-idf/bootloader_support/CMakeFiles/__idf_bootloader_support.dir/src/secure_boot.c.obj
[156/1503] Building C object esp-idf/bootloader_support/CMakeFiles/__idf_bootloader_support.dir/src/flash_encrypt.c.obj
[157/1503] Building C object esp-idf/bootloader_support/CMakeFiles/__idf_bootloader_support.dir/bootloader_flash/src/flash_qio_mode.c.obj
[158/1503] Building C object esp-idf/bootloader_support/CMakeFiles/__idf_bootloader_support.dir/src/flash_partitions.c.obj
[159/1503] Building C object esp-idf/bootloader_support/CMakeFiles/__idf_bootloader_support.dir/bootloader_flash/src/bootloader_flash_config_esp32.c.obj
[160/1503] Building C object esp-idf/bootloader_support/CMakeFiles/__idf_bootloader_support.dir/bootloader_flash/src/bootloader_flash.c.obj
[161/1503] Building C object esp-idf/esp_mm/CMakeFiles/__idf_esp_mm.dir/port/esp32/ext_mem_layout.c.obj
[162/1503] Building C object esp-idf/bootloader_support/CMakeFiles/__idf_bootloader_support.dir/src/esp32/secure_boot_secure_features.c.obj
[163/1503] Building C object esp-idf/esp_mm/CMakeFiles/__idf_esp_mm.dir/cache_esp32.c.obj
[164/1503] Building C object esp-idf/bootloader_support/CMakeFiles/__idf_bootloader_support.dir/src/idf/bootloader_sha.c.obj
[165/1503] Building C object esp-idf/spi_flash/CMakeFiles/__idf_spi_flash.dir/flash_brownout_hook.c.obj
[166/1503] Building C object esp-idf/esp_mm/CMakeFiles/__idf_esp_mm.dir/heap_align_hw.c.obj
[167/1503] Building C object esp-idf/spi_flash/CMakeFiles/__idf_spi_flash.dir/spi_flash_chip_drivers.c.obj
[168/1503] Building C object esp-idf/spi_flash/CMakeFiles/__idf_spi_flash.dir/spi_flash_chip_issi.c.obj
[169/1503] Building C object esp-idf/esp_mm/CMakeFiles/__idf_esp_mm.dir/esp_cache.c.obj
[170/1503] Building C object esp-idf/bootloader_support/CMakeFiles/__idf_bootloader_support.dir/src/bootloader_utility.c.obj
[171/1503] Building C object esp-idf/esp_mm/CMakeFiles/__idf_esp_mm.dir/esp_mmu_map.c.obj
[172/1503] Building C object esp-idf/spi_flash/CMakeFiles/__idf_spi_flash.dir/spi_flash_chip_gd.c.obj
[173/1503] Building C object esp-idf/spi_flash/CMakeFiles/__idf_spi_flash.dir/spi_flash_chip_mxic.c.obj
[174/1503] Building C object esp-idf/spi_flash/CMakeFiles/__idf_spi_flash.dir/spi_flash_chip_boya.c.obj
[175/1503] Building C object esp-idf/spi_flash/CMakeFiles/__idf_spi_flash.dir/spi_flash_chip_th.c.obj
[176/1503] Building C object esp-idf/bootloader_support/CMakeFiles/__idf_bootloader_support.dir/src/esp_image_format.c.obj
[177/1503] Building C object esp-idf/spi_flash/CMakeFiles/__idf_spi_flash.dir/spi_flash_chip_winbond.c.obj
[178/1503] Building C object esp-idf/spi_flash/CMakeFiles/__idf_spi_flash.dir/spi_flash_chip_mxic_opi.c.obj
[179/1503] Building C object esp-idf/spi_flash/CMakeFiles/__idf_spi_flash.dir/spi_flash_chip_generic.c.obj
[180/1503] Building C object esp-idf/spi_flash/CMakeFiles/__idf_spi_flash.dir/cache_utils.c.obj
[181/1503] Building C object esp-idf/spi_flash/CMakeFiles/__idf_spi_flash.dir/flash_ops.c.obj
[182/1503] Building C object esp-idf/spi_flash/CMakeFiles/__idf_spi_flash.dir/memspi_host_driver.c.obj
[183/1503] Building C object esp-idf/spi_flash/CMakeFiles/__idf_spi_flash.dir/spi_flash_wrap.c.obj
[184/1503] Building C object esp-idf/spi_flash/CMakeFiles/__idf_spi_flash.dir/spi_flash_os_func_noos.c.obj
[185/1503] Building C object esp-idf/spi_flash/CMakeFiles/__idf_spi_flash.dir/flash_mmap.c.obj
[186/1503] Building C object esp-idf/esp_system/CMakeFiles/__idf_esp_system.dir/esp_err.c.obj
[187/1503] Building C object esp-idf/esp_system/CMakeFiles/__idf_esp_system.dir/crosscore_int.c.obj
[188/1503] Building C object esp-idf/spi_flash/CMakeFiles/__idf_spi_flash.dir/spi_flash_os_func_app.c.obj
[189/1503] Building C object esp-idf/esp_system/CMakeFiles/__idf_esp_system.dir/esp_ipc.c.obj
[190/1503] Building C object esp-idf/esp_system/CMakeFiles/__idf_esp_system.dir/freertos_hooks.c.obj
[191/1503] Building C object esp-idf/esp_system/CMakeFiles/__idf_esp_system.dir/int_wdt.c.obj
[192/1503] Building C object esp-idf/esp_system/CMakeFiles/__idf_esp_system.dir/system_time.c.obj
[193/1503] Building C object esp-idf/esp_system/CMakeFiles/__idf_esp_system.dir/startup.c.obj
[194/1503] Building C object esp-idf/spi_flash/CMakeFiles/__idf_spi_flash.dir/esp_flash_spi_init.c.obj
[195/1503] Building C object esp-idf/esp_system/CMakeFiles/__idf_esp_system.dir/esp_system.c.obj
[196/1503] Building C object esp-idf/spi_flash/CMakeFiles/__idf_spi_flash.dir/esp_flash_api.c.obj
[197/1503] Building C object esp-idf/esp_system/CMakeFiles/__idf_esp_system.dir/panic.c.obj
[198/1503] Building C object esp-idf/esp_system/CMakeFiles/__idf_esp_system.dir/stack_check.c.obj
[199/1503] Building C object esp-idf/esp_system/CMakeFiles/__idf_esp_system.dir/startup_funcs.c.obj
[200/1503] Building C object esp-idf/esp_system/CMakeFiles/__idf_esp_system.dir/xt_wdt.c.obj
[201/1503] Building C object esp-idf/esp_system/CMakeFiles/__idf_esp_system.dir/ubsan.c.obj
[202/1503] Building C object esp-idf/esp_system/CMakeFiles/__idf_esp_system.dir/task_wdt/task_wdt_impl_timergroup.c.obj
[203/1503] Building C object esp-idf/esp_system/CMakeFiles/__idf_esp_system.dir/port/panic_handler.c.obj
[204/1503] Building C object esp-idf/esp_system/CMakeFiles/__idf_esp_system.dir/port/image_process.c.obj
[205/1503] Building C object esp-idf/esp_system/CMakeFiles/__idf_esp_system.dir/port/arch/xtensa/esp_ipc_isr_port.c.obj
[206/1503] Building C object esp-idf/esp_system/CMakeFiles/__idf_esp_system.dir/port/esp_system_chip.c.obj
[207/1503] Building C object esp-idf/esp_system/CMakeFiles/__idf_esp_system.dir/port/esp_ipc_isr.c.obj
[208/1503] Building ASM object esp-idf/esp_system/CMakeFiles/__idf_esp_system.dir/port/arch/xtensa/panic_handler_asm.S.obj
[209/1503] Building ASM object esp-idf/esp_system/CMakeFiles/__idf_esp_system.dir/port/arch/xtensa/esp_ipc_isr_handler.S.obj
[210/1503] Building C object esp-idf/esp_system/CMakeFiles/__idf_esp_system.dir/task_wdt/task_wdt.c.obj
[211/1503] Building C object esp-idf/esp_system/CMakeFiles/__idf_esp_system.dir/port/arch/xtensa/debug_stubs.c.obj
[212/1503] Building C object esp-idf/esp_system/CMakeFiles/__idf_esp_system.dir/port/arch/xtensa/panic_arch.c.obj
[213/1503] Building C object esp-idf/esp_system/CMakeFiles/__idf_esp_system.dir/port/brownout.c.obj
[214/1503] Building C object esp-idf/esp_system/CMakeFiles/__idf_esp_system.dir/port/arch/xtensa/expression_with_stack.c.obj
[215/1503] Building C object esp-idf/esp_system/CMakeFiles/__idf_esp_system.dir/port/cpu_start.c.obj
[216/1503] Building ASM object esp-idf/esp_system/CMakeFiles/__idf_esp_system.dir/port/soc/esp32/highint_hdl.S.obj
[217/1503] Building C object esp-idf/esp_system/CMakeFiles/__idf_esp_system.dir/port/arch/xtensa/trax.c.obj
[218/1503] Building C object esp-idf/esp_system/CMakeFiles/__idf_esp_system.dir/port/arch/xtensa/debug_helpers.c.obj
[219/1503] Building C object esp-idf/esp_system/CMakeFiles/__idf_esp_system.dir/port/soc/esp32/cache_err_int.c.obj
[220/1503] Building C object esp-idf/esp_rom/CMakeFiles/__idf_esp_rom.dir/patches/esp_rom_sys.c.obj
[221/1503] Building C object esp-idf/esp_system/CMakeFiles/__idf_esp_system.dir/port/soc/esp32/reset_reason.c.obj
[222/1503] Building C object esp-idf/esp_system/CMakeFiles/__idf_esp_system.dir/port/soc/esp32/clk.c.obj
[223/1503] Building C object esp-idf/esp_rom/CMakeFiles/__idf_esp_rom.dir/patches/esp_rom_efuse.c.obj
[224/1503] Building ASM object esp-idf/esp_rom/CMakeFiles/__idf_esp_rom.dir/patches/esp_rom_longjmp.S.obj
[225/1503] Building C object esp-idf/esp_rom/CMakeFiles/__idf_esp_rom.dir/patches/esp_rom_print.c.obj
[226/1503] Building C object esp-idf/esp_rom/CMakeFiles/__idf_esp_rom.dir/patches/esp_rom_gpio.c.obj
[227/1503] Building C object esp-idf/esp_rom/CMakeFiles/__idf_esp_rom.dir/patches/esp_rom_uart.c.obj
[228/1503] Building C object esp-idf/esp_system/CMakeFiles/__idf_esp_system.dir/port/soc/esp32/system_internal.c.obj
[229/1503] Building C object esp-idf/hal/CMakeFiles/__idf_hal.dir/mpu_hal.c.obj
[230/1503] Building C object esp-idf/hal/CMakeFiles/__idf_hal.dir/efuse_hal.c.obj
[231/1503] Building C object esp-idf/hal/CMakeFiles/__idf_hal.dir/hal_utils.c.obj
[232/1503] Building C object esp-idf/hal/CMakeFiles/__idf_hal.dir/color_hal.c.obj
[233/1503] Building C object esp-idf/hal/CMakeFiles/__idf_hal.dir/esp32/efuse_hal.c.obj
[234/1503] Building C object esp-idf/esp_rom/CMakeFiles/__idf_esp_rom.dir/patches/esp_rom_spiflash.c.obj
[235/1503] Building C object esp-idf/hal/CMakeFiles/__idf_hal.dir/esp32/cache_hal_esp32.c.obj
[236/1503] Building C object esp-idf/hal/CMakeFiles/__idf_hal.dir/wdt_hal_iram.c.obj
[237/1503] Building C object esp-idf/esp_common/CMakeFiles/__idf_esp_common.dir/src/esp_err_to_name.c.obj
[238/1503] Building C object esp-idf/hal/CMakeFiles/__idf_hal.dir/spi_flash_encrypt_hal_iram.c.obj
[239/1503] Building C object esp-idf/hal/CMakeFiles/__idf_hal.dir/spi_flash_hal.c.obj
[240/1503] Building C object esp-idf/hal/CMakeFiles/__idf_hal.dir/mmu_hal.c.obj
[241/1503] Building C object esp-idf/hal/CMakeFiles/__idf_hal.dir/spi_flash_hal_iram.c.obj
[242/1503] Building C object esp-idf/hal/CMakeFiles/__idf_hal.dir/timer_hal.c.obj
[243/1503] Building C object esp-idf/hal/CMakeFiles/__idf_hal.dir/gpio_hal.c.obj
[244/1503] Building C object esp-idf/hal/CMakeFiles/__idf_hal.dir/uart_hal_iram.c.obj
[245/1503] Building C object esp-idf/hal/CMakeFiles/__idf_hal.dir/esp32/clk_tree_hal.c.obj
[246/1503] Building C object esp-idf/hal/CMakeFiles/__idf_hal.dir/uart_hal.c.obj
[247/1503] Building C object esp-idf/hal/CMakeFiles/__idf_hal.dir/ledc_hal.c.obj
[248/1503] Building C object esp-idf/hal/CMakeFiles/__idf_hal.dir/pcnt_hal.c.obj
[249/1503] Building C object esp-idf/hal/CMakeFiles/__idf_hal.dir/i2c_hal.c.obj
[250/1503] Building C object esp-idf/hal/CMakeFiles/__idf_hal.dir/i2c_hal_iram.c.obj
[251/1503] Building C object esp-idf/hal/CMakeFiles/__idf_hal.dir/mcpwm_hal.c.obj
[252/1503] Building C object esp-idf/hal/CMakeFiles/__idf_hal.dir/ledc_hal_iram.c.obj
[253/1503] Building C object esp-idf/hal/CMakeFiles/__idf_hal.dir/rtc_io_hal.c.obj
[254/1503] Building C object esp-idf/hal/CMakeFiles/__idf_hal.dir/rmt_hal.c.obj
[255/1503] Building C object esp-idf/hal/CMakeFiles/__idf_hal.dir/sdm_hal.c.obj
[256/1503] Building C object esp-idf/hal/CMakeFiles/__idf_hal.dir/twai_hal.c.obj
[257/1503] Building C object esp-idf/hal/CMakeFiles/__idf_hal.dir/twai_hal_iram.c.obj
[258/1503] Building C object esp-idf/hal/CMakeFiles/__idf_hal.dir/adc_hal_common.c.obj
[259/1503] Building C object esp-idf/hal/CMakeFiles/__idf_hal.dir/sdmmc_hal.c.obj
[260/1503] Building C object esp-idf/hal/CMakeFiles/__idf_hal.dir/adc_oneshot_hal.c.obj
[261/1503] Building C object esp-idf/hal/CMakeFiles/__idf_hal.dir/mpi_hal.c.obj
[262/1503] Building C object esp-idf/hal/CMakeFiles/__idf_hal.dir/emac_hal.c.obj
[263/1503] Building C object esp-idf/hal/CMakeFiles/__idf_hal.dir/i2s_hal.c.obj
[264/1503] Building C object esp-idf/hal/CMakeFiles/__idf_hal.dir/aes_hal.c.obj
[265/1503] Building C object esp-idf/hal/CMakeFiles/__idf_hal.dir/sha_hal.c.obj
[266/1503] Building C object esp-idf/hal/CMakeFiles/__idf_hal.dir/adc_hal.c.obj
[267/1503] Building C object esp-idf/hal/CMakeFiles/__idf_hal.dir/brownout_hal.c.obj
[268/1503] Building C object esp-idf/hal/CMakeFiles/__idf_hal.dir/spi_slave_hal.c.obj
[269/1503] Building C object esp-idf/hal/CMakeFiles/__idf_hal.dir/touch_sensor_hal.c.obj
[270/1503] Building C object esp-idf/hal/CMakeFiles/__idf_hal.dir/spi_hal.c.obj
[271/1503] Building C object esp-idf/hal/CMakeFiles/__idf_hal.dir/esp32/gpio_hal_workaround.c.obj
[272/1503] Building C object esp-idf/hal/CMakeFiles/__idf_hal.dir/esp32/touch_sensor_hal.c.obj
[273/1503] Building C object esp-idf/hal/CMakeFiles/__idf_hal.dir/spi_slave_hal_iram.c.obj
[274/1503] Building C object esp-idf/hal/CMakeFiles/__idf_hal.dir/spi_hal_iram.c.obj
[275/1503] Building C object esp-idf/log/CMakeFiles/__idf_log.dir/src/os/log_timestamp.c.obj
[276/1503] Building C object esp-idf/log/CMakeFiles/__idf_log.dir/src/os/log_write.c.obj
[277/1503] Building C object esp-idf/log/CMakeFiles/__idf_log.dir/src/util.c.obj
[278/1503] Building C object esp-idf/log/CMakeFiles/__idf_log.dir/src/os/log_lock.c.obj
[279/1503] Building C object esp-idf/log/CMakeFiles/__idf_log.dir/src/log_level/log_level.c.obj
[280/1503] Building C object esp-idf/log/CMakeFiles/__idf_log.dir/src/log_timestamp_common.c.obj
[281/1503] Building C object esp-idf/log/CMakeFiles/__idf_log.dir/src/log_level/tag_log_level/tag_log_level.c.obj
[282/1503] Building C object esp-idf/log/CMakeFiles/__idf_log.dir/src/log_level/tag_log_level/linked_list/log_linked_list.c.obj
[283/1503] Building C object esp-idf/log/CMakeFiles/__idf_log.dir/src/buffer/log_buffers.c.obj
[284/1503] Building C object esp-idf/log/CMakeFiles/__idf_log.dir/src/log_level/tag_log_level/cache/log_binary_heap.c.obj
[285/1503] Building C object esp-idf/hal/CMakeFiles/__idf_hal.dir/sdio_slave_hal.c.obj
[286/1503] Building C object esp-idf/heap/CMakeFiles/__idf_heap.dir/port/esp32/memory_layout.c.obj
[287/1503] Building C object esp-idf/heap/CMakeFiles/__idf_heap.dir/heap_caps_base.c.obj
[288/1503] Building C object esp-idf/heap/CMakeFiles/__idf_heap.dir/port/memory_layout_utils.c.obj
[289/1503] Building C object esp-idf/heap/CMakeFiles/__idf_heap.dir/heap_caps_init.c.obj
[290/1503] Building C object esp-idf/soc/CMakeFiles/__idf_soc.dir/dport_access_common.c.obj
[291/1503] Building C object esp-idf/heap/CMakeFiles/__idf_heap.dir/multi_heap.c.obj
[292/1503] Building C object esp-idf/soc/CMakeFiles/__idf_soc.dir/esp32/gpio_periph.c.obj
[293/1503] Building C object esp-idf/soc/CMakeFiles/__idf_soc.dir/esp32/dport_access.c.obj
[294/1503] Building C object esp-idf/soc/CMakeFiles/__idf_soc.dir/esp32/uart_periph.c.obj
[295/1503] Building C object esp-idf/soc/CMakeFiles/__idf_soc.dir/esp32/adc_periph.c.obj
[296/1503] Building C object esp-idf/soc/CMakeFiles/__idf_soc.dir/esp32/emac_periph.c.obj
[297/1503] Building C object esp-idf/soc/CMakeFiles/__idf_soc.dir/esp32/spi_periph.c.obj
[298/1503] Building C object esp-idf/soc/CMakeFiles/__idf_soc.dir/esp32/pcnt_periph.c.obj
[299/1503] Building C object esp-idf/soc/CMakeFiles/__idf_soc.dir/esp32/ledc_periph.c.obj
[300/1503] Building C object esp-idf/soc/CMakeFiles/__idf_soc.dir/esp32/sdm_periph.c.obj
[301/1503] Building C object esp-idf/soc/CMakeFiles/__idf_soc.dir/esp32/i2s_periph.c.obj
[302/1503] Building C object esp-idf/soc/CMakeFiles/__idf_soc.dir/esp32/timer_periph.c.obj
[303/1503] Building C object esp-idf/heap/CMakeFiles/__idf_heap.dir/heap_caps.c.obj
[304/1503] Building C object esp-idf/soc/CMakeFiles/__idf_soc.dir/esp32/rmt_periph.c.obj
[305/1503] Building C object esp-idf/soc/CMakeFiles/__idf_soc.dir/esp32/i2c_periph.c.obj
[306/1503] Building C object esp-idf/soc/CMakeFiles/__idf_soc.dir/esp32/lcd_periph.c.obj
[307/1503] Building C object esp-idf/soc/CMakeFiles/__idf_soc.dir/esp32/sdmmc_periph.c.obj
[308/1503] Building C object esp-idf/soc/CMakeFiles/__idf_soc.dir/esp32/mpi_periph.c.obj
[309/1503] Building C object esp-idf/soc/CMakeFiles/__idf_soc.dir/esp32/mcpwm_periph.c.obj
[310/1503] Building C object esp-idf/soc/CMakeFiles/__idf_soc.dir/esp32/twai_periph.c.obj
[311/1503] Building C object esp-idf/esp_security/CMakeFiles/__idf_esp_security.dir/src/esp_crypto_lock.c.obj
[312/1503] Building C object esp-idf/soc/CMakeFiles/__idf_soc.dir/esp32/dac_periph.c.obj
[313/1503] Building C object esp-idf/soc/CMakeFiles/__idf_soc.dir/esp32/rtc_io_periph.c.obj
[314/1503] Building C object esp-idf/soc/CMakeFiles/__idf_soc.dir/esp32/wdt_periph.c.obj
[315/1503] Building C object esp-idf/esp_security/CMakeFiles/__idf_esp_security.dir/src/init.c.obj
[316/1503] Building C object esp-idf/soc/CMakeFiles/__idf_soc.dir/esp32/sdio_slave_periph.c.obj
[317/1503] Building C object esp-idf/esp_hw_support/CMakeFiles/__idf_esp_hw_support.dir/esp_memory_utils.c.obj
[318/1503] Building C object esp-idf/esp_hw_support/CMakeFiles/__idf_esp_hw_support.dir/port/esp32/cpu_region_protect.c.obj
[319/1503] Building C object esp-idf/esp_hw_support/CMakeFiles/__idf_esp_hw_support.dir/port/esp32/esp_cpu_intr.c.obj
[320/1503] Building C object esp-idf/esp_hw_support/CMakeFiles/__idf_esp_hw_support.dir/cpu.c.obj
[321/1503] Building C object esp-idf/heap/CMakeFiles/__idf_heap.dir/tlsf/tlsf.c.obj
[322/1503] Building C object esp-idf/esp_hw_support/CMakeFiles/__idf_esp_hw_support.dir/hw_random.c.obj
[323/1503] Building C object esp-idf/esp_hw_support/CMakeFiles/__idf_esp_hw_support.dir/revision.c.obj
[324/1503] Building C object esp-idf/esp_hw_support/CMakeFiles/__idf_esp_hw_support.dir/mac_addr.c.obj
[325/1503] Building C object esp-idf/esp_hw_support/CMakeFiles/__idf_esp_hw_support.dir/esp_clk.c.obj
[326/1503] Building C object esp-idf/esp_hw_support/CMakeFiles/__idf_esp_hw_support.dir/sleep_modem.c.obj
[327/1503] Building C object esp-idf/esp_hw_support/CMakeFiles/__idf_esp_hw_support.dir/rtc_module.c.obj
[328/1503] Building C object esp-idf/esp_hw_support/CMakeFiles/__idf_esp_hw_support.dir/sleep_console.c.obj
[329/1503] Building C object esp-idf/esp_hw_support/CMakeFiles/__idf_esp_hw_support.dir/clk_ctrl_os.c.obj
[330/1503] Building C object esp-idf/esp_hw_support/CMakeFiles/__idf_esp_hw_support.dir/esp_gpio_reserve.c.obj
[331/1503] Building C object esp-idf/esp_hw_support/CMakeFiles/__idf_esp_hw_support.dir/periph_ctrl.c.obj
[332/1503] Building C object esp-idf/esp_hw_support/CMakeFiles/__idf_esp_hw_support.dir/sleep_event.c.obj
[333/1503] Building C object esp-idf/esp_hw_support/CMakeFiles/__idf_esp_hw_support.dir/sar_periph_ctrl_common.c.obj
[334/1503] Building C object esp-idf/esp_hw_support/CMakeFiles/__idf_esp_hw_support.dir/regi2c_ctrl.c.obj
[335/1503] Building C object esp-idf/esp_hw_support/CMakeFiles/__idf_esp_hw_support.dir/port/esp32/io_mux.c.obj
[336/1503] Building C object esp-idf/esp_hw_support/CMakeFiles/__idf_esp_hw_support.dir/intr_alloc.c.obj
[337/1503] Building C object esp-idf/esp_hw_support/CMakeFiles/__idf_esp_hw_support.dir/port/esp32/esp_clk_tree.c.obj
[338/1503] Building C object esp-idf/esp_hw_support/CMakeFiles/__idf_esp_hw_support.dir/port/esp_clk_tree_common.c.obj
[339/1503] Building C object esp-idf/esp_hw_support/CMakeFiles/__idf_esp_hw_support.dir/sleep_gpio.c.obj
[340/1503] Building C object esp-idf/esp_hw_support/CMakeFiles/__idf_esp_hw_support.dir/spi_share_hw_ctrl.c.obj
[341/1503] Building C object esp-idf/esp_hw_support/CMakeFiles/__idf_esp_hw_support.dir/dma/gdma_link.c.obj
[342/1503] Building C object esp-idf/esp_hw_support/CMakeFiles/__idf_esp_hw_support.dir/dma/esp_dma_utils.c.obj
[343/1503] Building C object esp-idf/esp_hw_support/CMakeFiles/__idf_esp_hw_support.dir/mspi_timing_tuning/mspi_timing_tuning.c.obj
[344/1503] Building C object esp-idf/esp_hw_support/CMakeFiles/__idf_esp_hw_support.dir/sleep_modes.c.obj
[345/1503] Building C object esp-idf/esp_hw_support/CMakeFiles/__idf_esp_hw_support.dir/adc_share_hw_ctrl.c.obj
[346/1503] Building C object esp-idf/esp_hw_support/CMakeFiles/__idf_esp_hw_support.dir/rtc_wdt.c.obj
[347/1503] Building C object esp-idf/esp_hw_support/CMakeFiles/__idf_esp_hw_support.dir/spi_bus_lock.c.obj
[348/1503] Building C object esp-idf/esp_hw_support/CMakeFiles/__idf_esp_hw_support.dir/sleep_wake_stub.c.obj
[349/1503] Building C object esp-idf/esp_hw_support/CMakeFiles/__idf_esp_hw_support.dir/esp_clock_output.c.obj
[350/1503] Building C object esp-idf/esp_hw_support/CMakeFiles/__idf_esp_hw_support.dir/port/esp32/chip_info.c.obj
[351/1503] Building C object esp-idf/esp_hw_support/CMakeFiles/__idf_esp_hw_support.dir/port/esp32/rtc_init.c.obj
[352/1503] Building C object esp-idf/esp_hw_support/CMakeFiles/__idf_esp_hw_support.dir/port/esp32/rtc_time.c.obj
[353/1503] Building C object esp-idf/esp_hw_support/CMakeFiles/__idf_esp_hw_support.dir/port/esp32/sar_periph_ctrl.c.obj
[354/1503] Building C object esp-idf/esp_hw_support/CMakeFiles/__idf_esp_hw_support.dir/port/esp32/cache_sram_mmu.c.obj
[355/1503] Building C object esp-idf/esp_hw_support/CMakeFiles/__idf_esp_hw_support.dir/port/esp32/rtc_clk_init.c.obj
[356/1503] Building C object esp-idf/freertos/CMakeFiles/__idf_freertos.dir/port_systick.c.obj
[357/1503] Building C object esp-idf/freertos/CMakeFiles/__idf_freertos.dir/port_common.c.obj
[358/1503] Building C object esp-idf/freertos/CMakeFiles/__idf_freertos.dir/heap_idf.c.obj
[359/1503] Building C object esp-idf/esp_hw_support/CMakeFiles/__idf_esp_hw_support.dir/port/esp32/rtc_sleep.c.obj
[360/1503] Building C object esp-idf/freertos/CMakeFiles/__idf_freertos.dir/FreeRTOS-Kernel/list.c.obj
[361/1503] Building C object esp-idf/freertos/CMakeFiles/__idf_freertos.dir/app_startup.c.obj
[362/1503] Building C object esp-idf/freertos/CMakeFiles/__idf_freertos.dir/FreeRTOS-Kernel/timers.c.obj
[363/1503] Building C object esp-idf/esp_hw_support/CMakeFiles/__idf_esp_hw_support.dir/port/esp32/rtc_clk.c.obj
[364/1503] Building C object esp-idf/freertos/CMakeFiles/__idf_freertos.dir/FreeRTOS-Kernel/stream_buffer.c.obj
[365/1503] Building ASM object esp-idf/freertos/CMakeFiles/__idf_freertos.dir/FreeRTOS-Kernel/portable/xtensa/portasm.S.obj
[366/1503] Building C object esp-idf/freertos/CMakeFiles/__idf_freertos.dir/FreeRTOS-Kernel/portable/xtensa/xtensa_init.c.obj
[367/1503] Building C object esp-idf/freertos/CMakeFiles/__idf_freertos.dir/FreeRTOS-Kernel/event_groups.c.obj
[368/1503] Building C object esp-idf/freertos/CMakeFiles/__idf_freertos.dir/FreeRTOS-Kernel/portable/xtensa/xtensa_overlay_os_hook.c.obj
[369/1503] Building C object esp-idf/freertos/CMakeFiles/__idf_freertos.dir/FreeRTOS-Kernel/portable/xtensa/port.c.obj
[370/1503] Building C object esp-idf/freertos/CMakeFiles/__idf_freertos.dir/esp_additions/freertos_compatibility.c.obj
[371/1503] Building C object esp-idf/freertos/CMakeFiles/__idf_freertos.dir/esp_additions/idf_additions_event_groups.c.obj
[372/1503] Building C object esp-idf/newlib/CMakeFiles/__idf_newlib.dir/src/init.c.obj
[373/1503] Building C object esp-idf/newlib/CMakeFiles/__idf_newlib.dir/src/heap.c.obj
[374/1503] Building C object esp-idf/freertos/CMakeFiles/__idf_freertos.dir/FreeRTOS-Kernel/queue.c.obj
[375/1503] Building C object esp-idf/newlib/CMakeFiles/__idf_newlib.dir/src/abort.c.obj
[376/1503] Building C object esp-idf/newlib/CMakeFiles/__idf_newlib.dir/src/assert.c.obj
[377/1503] Building C object esp-idf/newlib/CMakeFiles/__idf_newlib.dir/src/locks.c.obj
[378/1503] Building C object esp-idf/freertos/CMakeFiles/__idf_freertos.dir/esp_additions/idf_additions.c.obj
[379/1503] Building C object esp-idf/newlib/CMakeFiles/__idf_newlib.dir/src/poll.c.obj
[380/1503] Building C object esp-idf/newlib/CMakeFiles/__idf_newlib.dir/src/pthread.c.obj
[381/1503] Building C object esp-idf/newlib/CMakeFiles/__idf_newlib.dir/src/random.c.obj
[382/1503] Building C object esp-idf/newlib/CMakeFiles/__idf_newlib.dir/src/getentropy.c.obj
[383/1503] Building C object esp-idf/newlib/CMakeFiles/__idf_newlib.dir/src/termios.c.obj
[384/1503] Building C object esp-idf/newlib/CMakeFiles/__idf_newlib.dir/src/sysconf.c.obj
[385/1503] Building C object esp-idf/newlib/CMakeFiles/__idf_newlib.dir/src/realpath.c.obj
[386/1503] Building C object esp-idf/newlib/CMakeFiles/__idf_newlib.dir/src/scandir.c.obj
[387/1503] Building C object esp-idf/newlib/CMakeFiles/__idf_newlib.dir/src/syscalls.c.obj
[388/1503] Building C object esp-idf/newlib/CMakeFiles/__idf_newlib.dir/src/flockfile.c.obj
[389/1503] Building C object esp-idf/newlib/CMakeFiles/__idf_newlib.dir/src/reent_syscalls.c.obj
[390/1503] Building C object esp-idf/newlib/CMakeFiles/__idf_newlib.dir/src/reent_init.c.obj
[391/1503] Building C object esp-idf/newlib/CMakeFiles/__idf_newlib.dir/src/port/esp_time_impl.c.obj
[392/1503] Building C object esp-idf/newlib/CMakeFiles/__idf_newlib.dir/src/time.c.obj
[393/1503] Building C object esp-idf/newlib/CMakeFiles/__idf_newlib.dir/src/stdatomic.c.obj
[394/1503] Building C object esp-idf/newlib/CMakeFiles/__idf_newlib.dir/src/newlib_init.c.obj
[395/1503] Building C object esp-idf/pthread/CMakeFiles/__idf_pthread.dir/pthread_cond_var.c.obj
[396/1503] Building C object esp-idf/pthread/CMakeFiles/__idf_pthread.dir/pthread_semaphore.c.obj
[397/1503] Building C object esp-idf/pthread/CMakeFiles/__idf_pthread.dir/pthread_rwlock.c.obj
[398/1503] Building C object esp-idf/pthread/CMakeFiles/__idf_pthread.dir/pthread_local_storage.c.obj
[399/1503] Building CXX object esp-idf/cxx/CMakeFiles/__idf_cxx.dir/cxx_exception_stubs.cpp.obj
[400/1503] Building CXX object esp-idf/cxx/CMakeFiles/__idf_cxx.dir/cxx_init.cpp.obj
[401/1503] Building C object esp-idf/esp_timer/CMakeFiles/__idf_esp_timer.dir/src/esp_timer_init.c.obj
[402/1503] Building C object esp-idf/pthread/CMakeFiles/__idf_pthread.dir/pthread.c.obj
[403/1503] Building C object esp-idf/freertos/CMakeFiles/__idf_freertos.dir/FreeRTOS-Kernel/tasks.c.obj
[404/1503] Building C object esp-idf/esp_timer/CMakeFiles/__idf_esp_timer.dir/src/ets_timer_legacy.c.obj
[405/1503] Building C object esp-idf/esp_timer/CMakeFiles/__idf_esp_timer.dir/src/system_time.c.obj
[406/1503] Building C object esp-idf/esp_timer/CMakeFiles/__idf_esp_timer.dir/src/esp_timer_impl_common.c.obj
[407/1503] Building C object esp-idf/esp_timer/CMakeFiles/__idf_esp_timer.dir/src/esp_timer.c.obj
[408/1503] Building C object esp-idf/esp_timer/CMakeFiles/__idf_esp_timer.dir/src/esp_timer_impl_lac.c.obj
[409/1503] Building C object esp-idf/esp_driver_gptimer/CMakeFiles/__idf_esp_driver_gptimer.dir/src/gptimer_common.c.obj
[410/1503] Building C object esp-idf/esp_event/CMakeFiles/__idf_esp_event.dir/default_event_loop.c.obj
[411/1503] Building CXX object esp-idf/cxx/CMakeFiles/__idf_cxx.dir/cxx_guards.cpp.obj
[412/1503] Building C object esp-idf/esp_ringbuf/CMakeFiles/__idf_esp_ringbuf.dir/ringbuf.c.obj
[413/1503] Building C object esp-idf/esp_driver_gptimer/CMakeFiles/__idf_esp_driver_gptimer.dir/src/gptimer.c.obj
[414/1503] Building C object esp-idf/esp_event/CMakeFiles/__idf_esp_event.dir/esp_event_private.c.obj
[415/1503] Building C object esp-idf/esp_driver_uart/CMakeFiles/__idf_esp_driver_uart.dir/src/uart_vfs.c.obj
[416/1503] Building C object esp-idf/esp_event/CMakeFiles/__idf_esp_event.dir/esp_event.c.obj
[417/1503] Building C object esp-idf/esp_driver_uart/CMakeFiles/__idf_esp_driver_uart.dir/src/uart.c.obj
[418/1503] Building CXX object esp-idf/nvs_flash/CMakeFiles/__idf_nvs_flash.dir/src/nvs_pagemanager.cpp.obj
[419/1503] Performing build step for 'bootloader'
[0/1] Re-running CMake...
-- Minimal build - OFF
-- Building ESP-IDF components for target esp32
-- Project sdkconfig file /home/raymond/VSCODE/breath-detect-espidf/sdkconfig
-- Compiler supported targets: xtensa-esp-elf
-- Adding linker script /home/raymond/esp/esp-idf/components/soc/esp32/ld/esp32.peripherals.ld
-- Bootloader project name: "bootloader" version: 1
-- Adding linker script /home/raymond/esp/esp-idf/components/esp_rom/esp32/ld/esp32.rom.ld
-- Adding linker script /home/raymond/esp/esp-idf/components/esp_rom/esp32/ld/esp32.rom.api.ld
-- Adding linker script /home/raymond/esp/esp-idf/components/esp_rom/esp32/ld/esp32.rom.libgcc.ld
-- Adding linker script /home/raymond/esp/esp-idf/components/esp_rom/esp32/ld/esp32.rom.libc-funcs.ld
-- Adding linker script /home/raymond/esp/esp-idf/components/bootloader/subproject/main/ld/esp32/bootloader.ld
-- Adding linker script /home/raymond/esp/esp-idf/components/bootloader/subproject/main/ld/esp32/bootloader.rom.ld
-- Components: bootloader bootloader_support efuse esp_app_format esp_bootloader_format esp_common esp_hw_support esp_rom esp_security esp_system esptool_py freertos hal log main micro-ecc newlib partition_table soc spi_flash xtensa
-- Component paths: /home/raymond/esp/esp-idf/components/bootloader /home/raymond/esp/esp-idf/components/bootloader_support /home/raymond/esp/esp-idf/components/efuse /home/raymond/esp/esp-idf/components/esp_app_format /home/raymond/esp/esp-idf/components/esp_bootloader_format /home/raymond/esp/esp-idf/components/esp_common /home/raymond/esp/esp-idf/components/esp_hw_support /home/raymond/esp/esp-idf/components/esp_rom /home/raymond/esp/esp-idf/components/esp_security /home/raymond/esp/esp-idf/components/esp_system /home/raymond/esp/esp-idf/components/esptool_py /home/raymond/esp/esp-idf/components/freertos /home/raymond/esp/esp-idf/components/hal /home/raymond/esp/esp-idf/components/log /home/raymond/esp/esp-idf/components/bootloader/subproject/main /home/raymond/esp/esp-idf/components/bootloader/subproject/components/micro-ecc /home/raymond/esp/esp-idf/components/newlib /home/raymond/esp/esp-idf/components/partition_table /home/raymond/esp/esp-idf/components/soc /home/raymond/esp/esp-idf/components/spi_flash /home/raymond/esp/esp-idf/components/xtensa
-- Configuring done (15.8s)
-- Generating done (0.2s)
-- Build files have been written to: /home/raymond/VSCODE/breath-detect-espidf/build/bootloader
[1/101] Building C object esp-idf/soc/CMakeFiles/__idf_soc.dir/esp32/adc_periph.c.obj
[2/101] Building C object esp-idf/soc/CMakeFiles/__idf_soc.dir/esp32/uart_periph.c.obj
[3/101] Building C object esp-idf/soc/CMakeFiles/__idf_soc.dir/esp32/emac_periph.c.obj
[4/101] Building C object esp-idf/soc/CMakeFiles/__idf_soc.dir/esp32/ledc_periph.c.obj
[5/101] Building C object esp-idf/soc/CMakeFiles/__idf_soc.dir/dport_access_common.c.obj
[6/101] Building C object esp-idf/soc/CMakeFiles/__idf_soc.dir/esp32/dport_access.c.obj
[7/101] Building C object esp-idf/soc/CMakeFiles/__idf_soc.dir/esp32/pcnt_periph.c.obj
[8/101] Building C object esp-idf/soc/CMakeFiles/__idf_soc.dir/esp32/sdm_periph.c.obj
[9/101] Building C object esp-idf/soc/CMakeFiles/__idf_soc.dir/esp32/gpio_periph.c.obj
[10/101] Building C object esp-idf/soc/CMakeFiles/__idf_soc.dir/esp32/rmt_periph.c.obj
[11/101] Building C object esp-idf/soc/CMakeFiles/__idf_soc.dir/esp32/i2s_periph.c.obj
[12/101] Building C object esp-idf/soc/CMakeFiles/__idf_soc.dir/esp32/spi_periph.c.obj
[13/101] Building C object esp-idf/xtensa/CMakeFiles/__idf_xtensa.dir/xt_trax.c.obj
[14/101] Building C object esp-idf/soc/CMakeFiles/__idf_soc.dir/esp32/i2c_periph.c.obj
[15/101] Building C object esp-idf/soc/CMakeFiles/__idf_soc.dir/esp32/mcpwm_periph.c.obj
[16/101] Building C object esp-idf/soc/CMakeFiles/__idf_soc.dir/esp32/mpi_periph.c.obj
[17/101] Building C object esp-idf/soc/CMakeFiles/__idf_soc.dir/esp32/sdmmc_periph.c.obj
[18/101] Building C object esp-idf/soc/CMakeFiles/__idf_soc.dir/esp32/wdt_periph.c.obj
[19/101] Building C object esp-idf/soc/CMakeFiles/__idf_soc.dir/esp32/twai_periph.c.obj
[20/101] Building C object esp-idf/soc/CMakeFiles/__idf_soc.dir/esp32/dac_periph.c.obj
[21/101] Building C object esp-idf/soc/CMakeFiles/__idf_soc.dir/esp32/timer_periph.c.obj
[22/101] Building C object esp-idf/soc/CMakeFiles/__idf_soc.dir/esp32/lcd_periph.c.obj
[23/101] Building C object esp-idf/soc/CMakeFiles/__idf_soc.dir/esp32/rtc_io_periph.c.obj
[24/101] Building C object esp-idf/soc/CMakeFiles/__idf_soc.dir/esp32/sdio_slave_periph.c.obj
[25/101] Building C object esp-idf/hal/CMakeFiles/__idf_hal.dir/efuse_hal.c.obj
[26/101] Building C object esp-idf/hal/CMakeFiles/__idf_hal.dir/mpu_hal.c.obj
[27/101] Building C object esp-idf/hal/CMakeFiles/__idf_hal.dir/hal_utils.c.obj
[28/101] Building C object esp-idf/spi_flash/CMakeFiles/__idf_spi_flash.dir/spi_flash_wrap.c.obj
[29/101] Building C object esp-idf/hal/CMakeFiles/__idf_hal.dir/esp32/efuse_hal.c.obj
[30/101] Building C object esp-idf/hal/CMakeFiles/__idf_hal.dir/esp32/cache_hal_esp32.c.obj
[31/101] Building C object esp-idf/esp_bootloader_format/CMakeFiles/__idf_esp_bootloader_format.dir/esp_bootloader_desc.c.obj
[32/101] Building C object esp-idf/bootloader_support/CMakeFiles/__idf_bootloader_support.dir/src/bootloader_mem.c.obj
[33/101] Building C object esp-idf/bootloader_support/CMakeFiles/__idf_bootloader_support.dir/src/bootloader_clock_init.c.obj
[34/101] Building C object esp-idf/bootloader_support/CMakeFiles/__idf_bootloader_support.dir/src/secure_boot.c.obj
[35/101] Building C object esp-idf/bootloader_support/CMakeFiles/__idf_bootloader_support.dir/src/bootloader_random.c.obj
[36/101] Building C object esp-idf/bootloader_support/CMakeFiles/__idf_bootloader_support.dir/src/bootloader_common_loader.c.obj
[37/101] Building C object esp-idf/hal/CMakeFiles/__idf_hal.dir/wdt_hal_iram.c.obj
[38/101] Building C object esp-idf/bootloader_support/CMakeFiles/__idf_bootloader_support.dir/src/bootloader_efuse.c.obj
[39/101] Building C object esp-idf/bootloader_support/CMakeFiles/__idf_bootloader_support.dir/src/flash_encrypt.c.obj
[40/101] Building C object esp-idf/bootloader_support/CMakeFiles/__idf_bootloader_support.dir/src/bootloader_random_esp32.c.obj
[41/101] Building C object esp-idf/bootloader_support/CMakeFiles/__idf_bootloader_support.dir/src/flash_partitions.c.obj
[42/101] Building C object esp-idf/hal/CMakeFiles/__idf_hal.dir/mmu_hal.c.obj
[43/101] Building C object esp-idf/bootloader_support/CMakeFiles/__idf_bootloader_support.dir/src/bootloader_clock_loader.c.obj
[44/101] Building C object esp-idf/bootloader_support/CMakeFiles/__idf_bootloader_support.dir/src/bootloader_common.c.obj
[45/101] Building C object esp-idf/bootloader_support/CMakeFiles/__idf_bootloader_support.dir/src/bootloader_console.c.obj
[46/101] Building C object esp-idf/bootloader_support/CMakeFiles/__idf_bootloader_support.dir/bootloader_flash/src/flash_qio_mode.c.obj
[47/101] Building C object esp-idf/bootloader_support/CMakeFiles/__idf_bootloader_support.dir/src/bootloader_console_loader.c.obj
[48/101] Building C object esp-idf/bootloader_support/CMakeFiles/__idf_bootloader_support.dir/bootloader_flash/src/bootloader_flash.c.obj
[49/101] Building C object esp-idf/bootloader_support/CMakeFiles/__idf_bootloader_support.dir/src/esp32/bootloader_sha.c.obj
[50/101] Building C object esp-idf/bootloader_support/CMakeFiles/__idf_bootloader_support.dir/bootloader_flash/src/bootloader_flash_config_esp32.c.obj
[51/101] Building C object esp-idf/bootloader_support/CMakeFiles/__idf_bootloader_support.dir/src/bootloader_panic.c.obj
[52/101] Building C object esp-idf/efuse/CMakeFiles/__idf_efuse.dir/esp32/esp_efuse_table.c.obj
[53/101] Building C object esp-idf/bootloader_support/CMakeFiles/__idf_bootloader_support.dir/src/bootloader_init.c.obj
[54/101] Building C object esp-idf/bootloader_support/CMakeFiles/__idf_bootloader_support.dir/src/esp32/bootloader_esp32.c.obj
[55/101] Building C object esp-idf/efuse/CMakeFiles/__idf_efuse.dir/esp32/esp_efuse_fields.c.obj
[56/101] Building C object esp-idf/efuse/CMakeFiles/__idf_efuse.dir/src/esp_efuse_fields.c.obj
[57/101] Building C object esp-idf/efuse/CMakeFiles/__idf_efuse.dir/esp32/esp_efuse_utility.c.obj
[58/101] Building C object esp-idf/esp_system/CMakeFiles/__idf_esp_system.dir/esp_err.c.obj
[59/101] Building C object esp-idf/bootloader_support/CMakeFiles/__idf_bootloader_support.dir/src/bootloader_utility.c.obj
[60/101] Building C object esp-idf/esp_hw_support/CMakeFiles/__idf_esp_hw_support.dir/cpu.c.obj
[61/101] Building C object esp-idf/esp_hw_support/CMakeFiles/__idf_esp_hw_support.dir/esp_memory_utils.c.obj
[62/101] Building C object esp-idf/efuse/CMakeFiles/__idf_efuse.dir/src/efuse_controller/keys/without_key_purposes/three_key_blocks/esp_efuse_api_key.c.obj
[63/101] Building C object esp-idf/esp_hw_support/CMakeFiles/__idf_esp_hw_support.dir/port/esp32/esp_cpu_intr.c.obj
[64/101] Building C object esp-idf/efuse/CMakeFiles/__idf_efuse.dir/src/esp_efuse_api.c.obj
[65/101] Building C object esp-idf/esp_hw_support/CMakeFiles/__idf_esp_hw_support.dir/port/esp32/cpu_region_protect.c.obj
[66/101] Building C object esp-idf/efuse/CMakeFiles/__idf_efuse.dir/src/esp_efuse_utility.c.obj
[67/101] Building C object esp-idf/esp_hw_support/CMakeFiles/__idf_esp_hw_support.dir/port/esp32/chip_info.c.obj
[68/101] Building C object esp-idf/bootloader_support/CMakeFiles/__idf_bootloader_support.dir/src/esp_image_format.c.obj
[69/101] Building C object esp-idf/esp_rom/CMakeFiles/__idf_esp_rom.dir/patches/esp_rom_sys.c.obj
[70/101] Building C object esp-idf/esp_hw_support/CMakeFiles/__idf_esp_hw_support.dir/port/esp32/rtc_sleep.c.obj
[71/101] Building C object esp-idf/esp_common/CMakeFiles/__idf_esp_common.dir/src/esp_err_to_name.c.obj
[72/101] Building C object esp-idf/esp_rom/CMakeFiles/__idf_esp_rom.dir/patches/esp_rom_uart.c.obj
[73/101] Building C object esp-idf/esp_rom/CMakeFiles/__idf_esp_rom.dir/patches/esp_rom_efuse.c.obj
[74/101] Building C object esp-idf/esp_rom/CMakeFiles/__idf_esp_rom.dir/patches/esp_rom_gpio.c.obj
[75/101] Building ASM object esp-idf/esp_rom/CMakeFiles/__idf_esp_rom.dir/patches/esp_rom_longjmp.S.obj
[76/101] Building C object esp-idf/esp_hw_support/CMakeFiles/__idf_esp_hw_support.dir/port/esp32/rtc_clk_init.c.obj
[77/101] Building C object esp-idf/log/CMakeFiles/__idf_log.dir/src/noos/log_timestamp.c.obj
[78/101] Building C object esp-idf/esp_hw_support/CMakeFiles/__idf_esp_hw_support.dir/port/esp32/rtc_init.c.obj
[79/101] Building C object esp-idf/log/CMakeFiles/__idf_log.dir/src/log_timestamp_common.c.obj
[80/101] Building C object esp-idf/main/CMakeFiles/__idf_main.dir/bootloader_start.c.obj
[81/101] Building C object esp-idf/log/CMakeFiles/__idf_log.dir/src/noos/log_lock.c.obj
[82/101] Linking C static library esp-idf/log/liblog.a
[83/101] Building C object esp-idf/esp_hw_support/CMakeFiles/__idf_esp_hw_support.dir/port/esp32/rtc_time.c.obj
[84/101] Building C object esp-idf/esp_hw_support/CMakeFiles/__idf_esp_hw_support.dir/port/esp32/rtc_clk.c.obj
[85/101] Building C object esp-idf/esp_rom/CMakeFiles/__idf_esp_rom.dir/patches/esp_rom_print.c.obj
[86/101] Building C object esp-idf/esp_rom/CMakeFiles/__idf_esp_rom.dir/patches/esp_rom_spiflash.c.obj
[87/101] Linking C static library esp-idf/esp_rom/libesp_rom.a
[88/101] Linking C static library esp-idf/esp_common/libesp_common.a
[89/101] Linking C static library esp-idf/esp_hw_support/libesp_hw_support.a
[90/101] Linking C static library esp-idf/esp_system/libesp_system.a
[91/101] Linking C static library esp-idf/efuse/libefuse.a
[92/101] Linking C static library esp-idf/bootloader_support/libbootloader_support.a
[93/101] Linking C static library esp-idf/esp_bootloader_format/libesp_bootloader_format.a
[94/101] Linking C static library esp-idf/spi_flash/libspi_flash.a
[95/101] Linking C static library esp-idf/hal/libhal.a
[96/101] Linking C static library esp-idf/soc/libsoc.a
[97/101] Linking C static library esp-idf/xtensa/libxtensa.a
[98/101] Linking C static library esp-idf/main/libmain.a
[99/101] Linking C executable bootloader.elf
[100/101] Generating binary image from built executable
esptool.py v4.10.0
Creating esp32 image...
Merged 2 ELF sections
Successfully created esp32 image.
Generated /home/raymond/VSCODE/breath-detect-espidf/build/bootloader/bootloader.bin
[101/101] cd /home/raymond/VSCODE/breath-detect-espidf/build/bootloader/esp-idf/esptool_py && /home/raymond/.espressif/python_env/idf5.5_py3.12_env/bin/python /home/raymond/esp/esp-idf/components/partition_table/check_sizes.py --offset 0x8000 bootloader 0x1000 /home/raymond/VSCODE/breath-detect-espidf/build/bootloader/bootloader.bin
Bootloader binary size 0x6600 bytes. 0xa00 bytes (9%) free.
[420/1503] No install step for 'bootloader'
[421/1503] Completed 'bootloader'
[422/1503] Building CXX object esp-idf/nvs_flash/CMakeFiles/__idf_nvs_flash.dir/src/nvs_item_hash_list.cpp.obj
[423/1503] Building CXX object esp-idf/nvs_flash/CMakeFiles/__idf_nvs_flash.dir/src/nvs_api.cpp.obj
[424/1503] Building CXX object esp-idf/nvs_flash/CMakeFiles/__idf_nvs_flash.dir/src/nvs_partition.cpp.obj
[425/1503] Building CXX object esp-idf/nvs_flash/CMakeFiles/__idf_nvs_flash.dir/src/nvs_cxx_api.cpp.obj
[426/1503] Building CXX object esp-idf/nvs_flash/CMakeFiles/__idf_nvs_flash.dir/src/nvs_platform.cpp.obj
[427/1503] Building C object esp-idf/nvs_flash/CMakeFiles/__idf_nvs_flash.dir/src/nvs_bootloader.c.obj
[428/1503] Building CXX object esp-idf/nvs_flash/CMakeFiles/__idf_nvs_flash.dir/src/nvs_partition_lookup.cpp.obj
[429/1503] Building CXX object esp-idf/nvs_flash/CMakeFiles/__idf_nvs_flash.dir/src/nvs_page.cpp.obj
[430/1503] Building C object esp-idf/esp_phy/CMakeFiles/__idf_esp_phy.dir/src/lib_printf.c.obj
[431/1503] Building C object esp-idf/esp_phy/CMakeFiles/__idf_esp_phy.dir/src/phy_override.c.obj
[432/1503] Building C object esp-idf/esp_phy/CMakeFiles/__idf_esp_phy.dir/src/phy_common.c.obj
[433/1503] Building C object esp-idf/esp_phy/CMakeFiles/__idf_esp_phy.dir/esp32/phy_init_data.c.obj
[434/1503] Building C object esp-idf/esp_phy/CMakeFiles/__idf_esp_phy.dir/src/btbb_init.c.obj
[435/1503] Building C object esp-idf/esp_phy/CMakeFiles/__idf_esp_phy.dir/src/phy_init.c.obj
[436/1503] Building C object esp-idf/esp_vfs_console/CMakeFiles/__idf_esp_vfs_console.dir/vfs_console.c.obj
[437/1503] Building CXX object esp-idf/nvs_flash/CMakeFiles/__idf_nvs_flash.dir/src/nvs_storage.cpp.obj
[438/1503] Building C object esp-idf/vfs/CMakeFiles/__idf_vfs.dir/vfs_eventfd.c.obj
[439/1503] Building CXX object esp-idf/nvs_flash/CMakeFiles/__idf_nvs_flash.dir/src/nvs_handle_simple.cpp.obj
[440/1503] Building C object esp-idf/vfs/CMakeFiles/__idf_vfs.dir/nullfs.c.obj
[441/1503] Building C object esp-idf/vfs/CMakeFiles/__idf_vfs.dir/vfs.c.obj
[442/1503] Building C object esp-idf/vfs/CMakeFiles/__idf_vfs.dir/vfs_semihost.c.obj
[443/1503] Building C object esp-idf/lwip/CMakeFiles/__idf_lwip.dir/apps/sntp/sntp.c.obj
[444/1503] Building C object esp-idf/lwip/CMakeFiles/__idf_lwip.dir/lwip/src/api/err.c.obj
[445/1503] Building C object esp-idf/lwip/CMakeFiles/__idf_lwip.dir/lwip/src/api/if_api.c.obj
[446/1503] Building C object esp-idf/lwip/CMakeFiles/__idf_lwip.dir/lwip/src/api/netbuf.c.obj
[447/1503] Building C object esp-idf/lwip/CMakeFiles/__idf_lwip.dir/lwip/src/api/api_lib.c.obj
[448/1503] Building C object esp-idf/lwip/CMakeFiles/__idf_lwip.dir/lwip/src/api/netifapi.c.obj
[449/1503] Building C object esp-idf/lwip/CMakeFiles/__idf_lwip.dir/lwip/src/api/netdb.c.obj
[450/1503] Building C object esp-idf/lwip/CMakeFiles/__idf_lwip.dir/lwip/src/api/api_msg.c.obj
[451/1503] Building C object esp-idf/lwip/CMakeFiles/__idf_lwip.dir/lwip/src/api/tcpip.c.obj
[452/1503] Building C object esp-idf/lwip/CMakeFiles/__idf_lwip.dir/lwip/src/apps/sntp/sntp.c.obj
[453/1503] Building C object esp-idf/lwip/CMakeFiles/__idf_lwip.dir/lwip/src/core/def.c.obj
[454/1503] Building CXX object esp-idf/nvs_flash/CMakeFiles/__idf_nvs_flash.dir/src/nvs_types.cpp.obj
[455/1503] Building C object esp-idf/lwip/CMakeFiles/__idf_lwip.dir/lwip/src/apps/netbiosns/netbiosns.c.obj
[456/1503] Building C object esp-idf/lwip/CMakeFiles/__idf_lwip.dir/lwip/src/core/inet_chksum.c.obj
[457/1503] Building C object esp-idf/lwip/CMakeFiles/__idf_lwip.dir/lwip/src/core/init.c.obj
[458/1503] Building C object esp-idf/lwip/CMakeFiles/__idf_lwip.dir/lwip/src/core/ip.c.obj
[459/1503] Building C object esp-idf/lwip/CMakeFiles/__idf_lwip.dir/lwip/src/core/mem.c.obj
[460/1503] Building C object esp-idf/lwip/CMakeFiles/__idf_lwip.dir/lwip/src/core/dns.c.obj
[461/1503] Building CXX object esp-idf/nvs_flash/CMakeFiles/__idf_nvs_flash.dir/src/nvs_partition_manager.cpp.obj
[462/1503] Building CXX object esp-idf/nvs_flash/CMakeFiles/__idf_nvs_flash.dir/src/nvs_encrypted_partition.cpp.obj
[463/1503] Building C object esp-idf/lwip/CMakeFiles/__idf_lwip.dir/lwip/src/core/memp.c.obj
[464/1503] Building C object esp-idf/lwip/CMakeFiles/__idf_lwip.dir/lwip/src/core/stats.c.obj
[465/1503] Building C object esp-idf/lwip/CMakeFiles/__idf_lwip.dir/lwip/src/core/raw.c.obj
[466/1503] Building C object esp-idf/lwip/CMakeFiles/__idf_lwip.dir/lwip/src/core/sys.c.obj
[467/1503] Building C object esp-idf/lwip/CMakeFiles/__idf_lwip.dir/lwip/src/core/pbuf.c.obj
[468/1503] Building C object esp-idf/lwip/CMakeFiles/__idf_lwip.dir/lwip/src/core/netif.c.obj
[469/1503] Building C object esp-idf/lwip/CMakeFiles/__idf_lwip.dir/lwip/src/core/timeouts.c.obj
[470/1503] Building C object esp-idf/lwip/CMakeFiles/__idf_lwip.dir/lwip/src/api/sockets.c.obj
[471/1503] Building CXX object esp-idf/nvs_flash/CMakeFiles/__idf_nvs_flash.dir/src/nvs_handle_locked.cpp.obj
[472/1503] Building C object esp-idf/lwip/CMakeFiles/__idf_lwip.dir/lwip/src/core/ipv4/autoip.c.obj
[473/1503] Building C object esp-idf/lwip/CMakeFiles/__idf_lwip.dir/lwip/src/core/tcp.c.obj
[474/1503] Building C object esp-idf/lwip/CMakeFiles/__idf_lwip.dir/lwip/src/core/udp.c.obj
[475/1503] Building C object esp-idf/lwip/CMakeFiles/__idf_lwip.dir/lwip/src/core/ipv4/etharp.c.obj
[476/1503] Building C object esp-idf/lwip/CMakeFiles/__idf_lwip.dir/lwip/src/core/ipv4/icmp.c.obj
[477/1503] Building C object esp-idf/lwip/CMakeFiles/__idf_lwip.dir/lwip/src/core/ipv4/dhcp.c.obj
[478/1503] Building C object esp-idf/lwip/CMakeFiles/__idf_lwip.dir/lwip/src/core/ipv4/ip4_napt.c.obj
[479/1503] Building C object esp-idf/lwip/CMakeFiles/__idf_lwip.dir/lwip/src/core/ipv4/igmp.c.obj
[480/1503] Building C object esp-idf/lwip/CMakeFiles/__idf_lwip.dir/lwip/src/core/tcp_out.c.obj
[481/1503] Building C object esp-idf/lwip/CMakeFiles/__idf_lwip.dir/lwip/src/core/ipv4/ip4.c.obj
[482/1503] Building C object esp-idf/lwip/CMakeFiles/__idf_lwip.dir/lwip/src/core/tcp_in.c.obj
[483/1503] Building C object esp-idf/lwip/CMakeFiles/__idf_lwip.dir/lwip/src/core/ipv6/dhcp6.c.obj
[484/1503] Building C object esp-idf/lwip/CMakeFiles/__idf_lwip.dir/lwip/src/core/ipv6/ethip6.c.obj
[485/1503] Building C object esp-idf/lwip/CMakeFiles/__idf_lwip.dir/lwip/src/core/ipv4/ip4_addr.c.obj
[486/1503] Building C object esp-idf/lwip/CMakeFiles/__idf_lwip.dir/lwip/src/core/ipv6/icmp6.c.obj
[487/1503] Building C object esp-idf/lwip/CMakeFiles/__idf_lwip.dir/lwip/src/core/ipv4/ip4_frag.c.obj
[488/1503] Building C object esp-idf/lwip/CMakeFiles/__idf_lwip.dir/lwip/src/core/ipv6/ip6_frag.c.obj
[489/1503] Building C object esp-idf/lwip/CMakeFiles/__idf_lwip.dir/lwip/src/core/ipv6/inet6.c.obj
[490/1503] Building C object esp-idf/lwip/CMakeFiles/__idf_lwip.dir/lwip/src/core/ipv6/ip6_addr.c.obj
[491/1503] Building C object esp-idf/lwip/CMakeFiles/__idf_lwip.dir/lwip/src/netif/bridgeif.c.obj
[492/1503] Building C object esp-idf/lwip/CMakeFiles/__idf_lwip.dir/lwip/src/netif/ethernet.c.obj
[493/1503] Building C object esp-idf/lwip/CMakeFiles/__idf_lwip.dir/lwip/src/netif/bridgeif_fdb.c.obj
[494/1503] Building C object esp-idf/lwip/CMakeFiles/__idf_lwip.dir/lwip/src/core/ipv6/ip6.c.obj
[495/1503] Building C object esp-idf/lwip/CMakeFiles/__idf_lwip.dir/lwip/src/core/ipv6/mld6.c.obj
[496/1503] Building C object esp-idf/lwip/CMakeFiles/__idf_lwip.dir/lwip/src/netif/slipif.c.obj
[497/1503] Building C object esp-idf/lwip/CMakeFiles/__idf_lwip.dir/lwip/src/netif/ppp/chap_ms.c.obj
[498/1503] Building C object esp-idf/lwip/CMakeFiles/__idf_lwip.dir/lwip/src/netif/ppp/chap-new.c.obj
[499/1503] Building C object esp-idf/lwip/CMakeFiles/__idf_lwip.dir/lwip/src/netif/ppp/chap-md5.c.obj
[500/1503] Building C object esp-idf/lwip/CMakeFiles/__idf_lwip.dir/lwip/src/netif/ppp/auth.c.obj
[501/1503] Building C object esp-idf/lwip/CMakeFiles/__idf_lwip.dir/lwip/src/netif/ppp/demand.c.obj
[502/1503] Building C object esp-idf/lwip/CMakeFiles/__idf_lwip.dir/lwip/src/netif/ppp/ccp.c.obj
[503/1503] Building C object esp-idf/lwip/CMakeFiles/__idf_lwip.dir/lwip/src/netif/ppp/ecp.c.obj
[504/1503] Building C object esp-idf/lwip/CMakeFiles/__idf_lwip.dir/lwip/src/netif/ppp/eap.c.obj
[505/1503] Building C object esp-idf/lwip/CMakeFiles/__idf_lwip.dir/lwip/src/netif/ppp/ipcp.c.obj
[506/1503] Building C object esp-idf/lwip/CMakeFiles/__idf_lwip.dir/lwip/src/netif/ppp/eui64.c.obj
[507/1503] Building C object esp-idf/lwip/CMakeFiles/__idf_lwip.dir/lwip/src/netif/ppp/lcp.c.obj
[508/1503] Building C object esp-idf/lwip/CMakeFiles/__idf_lwip.dir/lwip/src/netif/ppp/fsm.c.obj
[509/1503] Building C object esp-idf/lwip/CMakeFiles/__idf_lwip.dir/lwip/src/netif/ppp/ipv6cp.c.obj
[510/1503] Building C object esp-idf/lwip/CMakeFiles/__idf_lwip.dir/lwip/src/netif/ppp/magic.c.obj
[511/1503] Building C object esp-idf/lwip/CMakeFiles/__idf_lwip.dir/lwip/src/netif/ppp/multilink.c.obj
[512/1503] Building C object esp-idf/lwip/CMakeFiles/__idf_lwip.dir/lwip/src/netif/ppp/pppapi.c.obj
[513/1503] Building C object esp-idf/lwip/CMakeFiles/__idf_lwip.dir/lwip/src/netif/ppp/mppe.c.obj
[514/1503] Building C object esp-idf/lwip/CMakeFiles/__idf_lwip.dir/lwip/src/netif/ppp/pppcrypt.c.obj
[515/1503] Building C object esp-idf/lwip/CMakeFiles/__idf_lwip.dir/lwip/src/netif/ppp/pppol2tp.c.obj
[516/1503] Building C object esp-idf/lwip/CMakeFiles/__idf_lwip.dir/lwip/src/netif/ppp/ppp.c.obj
[517/1503] Building C object esp-idf/lwip/CMakeFiles/__idf_lwip.dir/lwip/src/netif/ppp/pppoe.c.obj
[518/1503] Building C object esp-idf/lwip/CMakeFiles/__idf_lwip.dir/lwip/src/netif/ppp/pppos.c.obj
[519/1503] Building C object esp-idf/lwip/CMakeFiles/__idf_lwip.dir/lwip/src/core/ipv6/nd6.c.obj
[520/1503] Building C object esp-idf/lwip/CMakeFiles/__idf_lwip.dir/lwip/src/netif/ppp/vj.c.obj
[521/1503] Building C object esp-idf/lwip/CMakeFiles/__idf_lwip.dir/lwip/src/netif/ppp/upap.c.obj
[522/1503] Building C object esp-idf/lwip/CMakeFiles/__idf_lwip.dir/lwip/src/netif/ppp/utils.c.obj
[523/1503] Building C object esp-idf/lwip/CMakeFiles/__idf_lwip.dir/port/hooks/tcp_isn_default.c.obj
[524/1503] Building C object esp-idf/lwip/CMakeFiles/__idf_lwip.dir/port/hooks/lwip_default_hooks.c.obj
[525/1503] Building C object esp-idf/lwip/CMakeFiles/__idf_lwip.dir/port/sockets_ext.c.obj
[526/1503] Building C object esp-idf/lwip/CMakeFiles/__idf_lwip.dir/port/debug/lwip_debug.c.obj
[527/1503] Building C object esp-idf/lwip/CMakeFiles/__idf_lwip.dir/port/acd_dhcp_check.c.obj
[528/1503] Building C object esp-idf/lwip/CMakeFiles/__idf_lwip.dir/apps/ping/esp_ping.c.obj
[529/1503] Building C object esp-idf/lwip/CMakeFiles/__idf_lwip.dir/apps/ping/ping.c.obj
[530/1503] Building C object esp-idf/lwip/CMakeFiles/__idf_lwip.dir/port/freertos/sys_arch.c.obj
[531/1503] Building C object esp-idf/lwip/CMakeFiles/__idf_lwip.dir/port/esp32xx/vfs_lwip.c.obj
[532/1503] Building C object esp-idf/lwip/CMakeFiles/__idf_lwip.dir/lwip/src/netif/ppp/polarssl/arc4.c.obj
[533/1503] Building C object esp-idf/lwip/CMakeFiles/__idf_lwip.dir/lwip/src/netif/ppp/polarssl/md4.c.obj
[534/1503] Building C object esp-idf/lwip/CMakeFiles/__idf_lwip.dir/lwip/src/netif/ppp/polarssl/des.c.obj
[535/1503] Building C object esp-idf/lwip/CMakeFiles/__idf_lwip.dir/lwip/src/netif/ppp/polarssl/sha1.c.obj
[536/1503] Building C object esp-idf/lwip/CMakeFiles/__idf_lwip.dir/apps/ping/ping_sock.c.obj
[537/1503] Building C object esp-idf/lwip/CMakeFiles/__idf_lwip.dir/lwip/src/netif/ppp/polarssl/md5.c.obj
[538/1503] Building C object esp-idf/esp_netif/CMakeFiles/__idf_esp_netif.dir/esp_netif_defaults.c.obj
[539/1503] Building C object esp-idf/esp_netif/CMakeFiles/__idf_esp_netif.dir/esp_netif_objects.c.obj
[540/1503] Building C object esp-idf/esp_netif/CMakeFiles/__idf_esp_netif.dir/esp_netif_handlers.c.obj
[541/1503] Building C object esp-idf/esp_netif/CMakeFiles/__idf_esp_netif.dir/lwip/esp_netif_lwip_defaults.c.obj
[542/1503] Building C object esp-idf/esp_netif/CMakeFiles/__idf_esp_netif.dir/lwip/netif/wlanif.c.obj
[543/1503] Building C object esp-idf/wpa_supplicant/CMakeFiles/__idf_wpa_supplicant.dir/port/os_xtensa.c.obj
[544/1503] Building C object esp-idf/esp_netif/CMakeFiles/__idf_esp_netif.dir/lwip/netif/esp_pbuf_ref.c.obj
[545/1503] Building C object esp-idf/esp_netif/CMakeFiles/__idf_esp_netif.dir/lwip/esp_netif_sntp.c.obj
[546/1503] Building C object esp-idf/esp_netif/CMakeFiles/__idf_esp_netif.dir/lwip/netif/ethernetif.c.obj
[547/1503] Building C object esp-idf/lwip/CMakeFiles/__idf_lwip.dir/apps/dhcpserver/dhcpserver.c.obj
[548/1503] Building C object esp-idf/wpa_supplicant/CMakeFiles/__idf_wpa_supplicant.dir/src/ap/ap_config.c.obj
[549/1503] Building C object esp-idf/wpa_supplicant/CMakeFiles/__idf_wpa_supplicant.dir/src/ap/ieee802_1x.c.obj
[550/1503] Building C object esp-idf/wpa_supplicant/CMakeFiles/__idf_wpa_supplicant.dir/port/eloop.c.obj
[551/1503] Building C object esp-idf/wpa_supplicant/CMakeFiles/__idf_wpa_supplicant.dir/src/ap/sta_info.c.obj
[552/1503] Building C object esp-idf/wpa_supplicant/CMakeFiles/__idf_wpa_supplicant.dir/src/ap/wpa_auth_ie.c.obj
[553/1503] Building C object esp-idf/wpa_supplicant/CMakeFiles/__idf_wpa_supplicant.dir/src/ap/pmksa_cache_auth.c.obj
[554/1503] Building C object esp-idf/wpa_supplicant/CMakeFiles/__idf_wpa_supplicant.dir/src/ap/ieee802_11.c.obj
[555/1503] Building C object esp-idf/wpa_supplicant/CMakeFiles/__idf_wpa_supplicant.dir/src/ap/comeback_token.c.obj
[556/1503] Building C object esp-idf/wpa_supplicant/CMakeFiles/__idf_wpa_supplicant.dir/src/common/dragonfly.c.obj
[557/1503] Building C object esp-idf/esp_netif/CMakeFiles/__idf_esp_netif.dir/lwip/esp_netif_lwip.c.obj
[558/1503] Building C object esp-idf/wpa_supplicant/CMakeFiles/__idf_wpa_supplicant.dir/src/utils/bitfield.c.obj
[559/1503] Building C object esp-idf/wpa_supplicant/CMakeFiles/__idf_wpa_supplicant.dir/src/crypto/sha256-kdf.c.obj
[560/1503] Building C object esp-idf/wpa_supplicant/CMakeFiles/__idf_wpa_supplicant.dir/src/crypto/ccmp.c.obj
[561/1503] Building C object esp-idf/wpa_supplicant/CMakeFiles/__idf_wpa_supplicant.dir/src/crypto/aes-siv.c.obj
[562/1503] Building C object esp-idf/wpa_supplicant/CMakeFiles/__idf_wpa_supplicant.dir/src/ap/wpa_auth.c.obj
[563/1503] Building C object esp-idf/wpa_supplicant/CMakeFiles/__idf_wpa_supplicant.dir/src/crypto/crypto_ops.c.obj
[564/1503] Building C object esp-idf/wpa_supplicant/CMakeFiles/__idf_wpa_supplicant.dir/src/common/wpa_common.c.obj
[565/1503] Building C object esp-idf/wpa_supplicant/CMakeFiles/__idf_wpa_supplicant.dir/src/crypto/aes-gcm.c.obj
[566/1503] Building C object esp-idf/wpa_supplicant/CMakeFiles/__idf_wpa_supplicant.dir/src/crypto/dh_group5.c.obj
[567/1503] Building C object esp-idf/wpa_supplicant/CMakeFiles/__idf_wpa_supplicant.dir/src/common/sae.c.obj
[568/1503] Building C object esp-idf/wpa_supplicant/CMakeFiles/__idf_wpa_supplicant.dir/src/crypto/sha384-tlsprf.c.obj
[569/1503] Building C object esp-idf/wpa_supplicant/CMakeFiles/__idf_wpa_supplicant.dir/src/crypto/sha1-tlsprf.c.obj
[570/1503] Building C object esp-idf/wpa_supplicant/CMakeFiles/__idf_wpa_supplicant.dir/src/crypto/sha256-prf.c.obj
[571/1503] Building C object esp-idf/wpa_supplicant/CMakeFiles/__idf_wpa_supplicant.dir/src/crypto/sha256-tlsprf.c.obj
[572/1503] Building C object esp-idf/wpa_supplicant/CMakeFiles/__idf_wpa_supplicant.dir/src/crypto/dh_groups.c.obj
[573/1503] Building C object esp-idf/wpa_supplicant/CMakeFiles/__idf_wpa_supplicant.dir/src/crypto/sha384-prf.c.obj
[574/1503] Building C object esp-idf/wpa_supplicant/CMakeFiles/__idf_wpa_supplicant.dir/src/crypto/ms_funcs.c.obj
[575/1503] Building C object esp-idf/wpa_supplicant/CMakeFiles/__idf_wpa_supplicant.dir/src/crypto/sha1-prf.c.obj
[576/1503] Building C object esp-idf/wpa_supplicant/CMakeFiles/__idf_wpa_supplicant.dir/src/crypto/sha1-tprf.c.obj
[577/1503] Building C object esp-idf/wpa_supplicant/CMakeFiles/__idf_wpa_supplicant.dir/src/eap_common/eap_wsc_common.c.obj
[578/1503] Building C object esp-idf/wpa_supplicant/CMakeFiles/__idf_wpa_supplicant.dir/src/crypto/md4-internal.c.obj
[579/1503] Building C object esp-idf/wpa_supplicant/CMakeFiles/__idf_wpa_supplicant.dir/src/eap_peer/chap.c.obj
[580/1503] Building C object esp-idf/wpa_supplicant/CMakeFiles/__idf_wpa_supplicant.dir/src/eap_peer/eap_peap_common.c.obj
[581/1503] Building C object esp-idf/wpa_supplicant/CMakeFiles/__idf_wpa_supplicant.dir/src/common/ieee802_11_common.c.obj
[582/1503] Building C object esp-idf/wpa_supplicant/CMakeFiles/__idf_wpa_supplicant.dir/src/eap_peer/eap_tls.c.obj
[583/1503] Building C object esp-idf/wpa_supplicant/CMakeFiles/__idf_wpa_supplicant.dir/src/eap_peer/eap_common.c.obj
[584/1503] Building C object esp-idf/wpa_supplicant/CMakeFiles/__idf_wpa_supplicant.dir/src/eap_peer/eap_mschapv2.c.obj
[585/1503] Building C object esp-idf/wpa_supplicant/CMakeFiles/__idf_wpa_supplicant.dir/src/eap_peer/eap.c.obj
[586/1503] Building C object esp-idf/wpa_supplicant/CMakeFiles/__idf_wpa_supplicant.dir/src/eap_peer/mschapv2.c.obj
[587/1503] Building C object esp-idf/wpa_supplicant/CMakeFiles/__idf_wpa_supplicant.dir/src/eap_peer/eap_peap.c.obj
[588/1503] Building C object esp-idf/wpa_supplicant/CMakeFiles/__idf_wpa_supplicant.dir/src/eap_peer/eap_fast_common.c.obj
[589/1503] Building C object esp-idf/wpa_supplicant/CMakeFiles/__idf_wpa_supplicant.dir/src/eap_peer/eap_tls_common.c.obj
[590/1503] Building C object esp-idf/wpa_supplicant/CMakeFiles/__idf_wpa_supplicant.dir/src/rsn_supp/pmksa_cache.c.obj
[591/1503] Building C object esp-idf/wpa_supplicant/CMakeFiles/__idf_wpa_supplicant.dir/src/utils/base64.c.obj
[592/1503] Building C object esp-idf/wpa_supplicant/CMakeFiles/__idf_wpa_supplicant.dir/src/utils/common.c.obj
[593/1503] Building C object esp-idf/wpa_supplicant/CMakeFiles/__idf_wpa_supplicant.dir/src/eap_peer/eap_ttls.c.obj
[594/1503] Building C object esp-idf/wpa_supplicant/CMakeFiles/__idf_wpa_supplicant.dir/src/utils/ext_password.c.obj
[595/1503] Building C object esp-idf/wpa_supplicant/CMakeFiles/__idf_wpa_supplicant.dir/src/rsn_supp/wpa_ie.c.obj
[596/1503] Building C object esp-idf/wpa_supplicant/CMakeFiles/__idf_wpa_supplicant.dir/src/utils/wpabuf.c.obj
[597/1503] Building C object esp-idf/wpa_supplicant/CMakeFiles/__idf_wpa_supplicant.dir/src/utils/uuid.c.obj
[598/1503] Building C object esp-idf/wpa_supplicant/CMakeFiles/__idf_wpa_supplicant.dir/src/eap_peer/eap_fast.c.obj
[599/1503] Building C object esp-idf/wpa_supplicant/CMakeFiles/__idf_wpa_supplicant.dir/src/eap_peer/eap_fast_pac.c.obj
[600/1503] Building C object esp-idf/wpa_supplicant/CMakeFiles/__idf_wpa_supplicant.dir/src/utils/wpa_debug.c.obj
[601/1503] Building C object esp-idf/wpa_supplicant/CMakeFiles/__idf_wpa_supplicant.dir/src/utils/json.c.obj
[602/1503] Building C object esp-idf/wpa_supplicant/CMakeFiles/__idf_wpa_supplicant.dir/src/rsn_supp/wpa.c.obj
[603/1503] Building C object esp-idf/wpa_supplicant/CMakeFiles/__idf_wpa_supplicant.dir/src/wps/wps_attr_build.c.obj
[604/1503] Building C object esp-idf/wpa_supplicant/CMakeFiles/__idf_wpa_supplicant.dir/src/wps/wps.c.obj
[605/1503] Building C object esp-idf/wpa_supplicant/CMakeFiles/__idf_wpa_supplicant.dir/src/wps/wps_common.c.obj
[606/1503] Building C object esp-idf/wpa_supplicant/CMakeFiles/__idf_wpa_supplicant.dir/src/wps/wps_dev_attr.c.obj
[607/1503] Building C object esp-idf/wpa_supplicant/CMakeFiles/__idf_wpa_supplicant.dir/src/wps/wps_attr_process.c.obj
[608/1503] Building C object esp-idf/wpa_supplicant/CMakeFiles/__idf_wpa_supplicant.dir/src/wps/wps_attr_parse.c.obj
[609/1503] Building C object esp-idf/wpa_supplicant/CMakeFiles/__idf_wpa_supplicant.dir/esp_supplicant/src/esp_wpa2_api_port.c.obj
[610/1503] Building C object esp-idf/wpa_supplicant/CMakeFiles/__idf_wpa_supplicant.dir/esp_supplicant/src/esp_wpa_main.c.obj
[611/1503] Building C object esp-idf/wpa_supplicant/CMakeFiles/__idf_wpa_supplicant.dir/src/common/sae_pk.c.obj
[612/1503] Building C object esp-idf/wpa_supplicant/CMakeFiles/__idf_wpa_supplicant.dir/esp_supplicant/src/esp_wpas_glue.c.obj
[613/1503] Building C object esp-idf/wpa_supplicant/CMakeFiles/__idf_wpa_supplicant.dir/src/wps/wps_enrollee.c.obj
[614/1503] Building C object esp-idf/wpa_supplicant/CMakeFiles/__idf_wpa_supplicant.dir/esp_supplicant/src/esp_common.c.obj
[615/1503] Building C object esp-idf/wpa_supplicant/CMakeFiles/__idf_wpa_supplicant.dir/esp_supplicant/src/esp_hostap.c.obj
[616/1503] Building C object esp-idf/wpa_supplicant/CMakeFiles/__idf_wpa_supplicant.dir/esp_supplicant/src/esp_owe.c.obj
[617/1503] Building C object esp-idf/wpa_supplicant/CMakeFiles/__idf_wpa_supplicant.dir/esp_supplicant/src/crypto/fastpbkdf2.c.obj
[618/1503] Building C object esp-idf/wpa_supplicant/CMakeFiles/__idf_wpa_supplicant.dir/esp_supplicant/src/esp_wpa3.c.obj
[619/1503] Building C object esp-idf/wpa_supplicant/CMakeFiles/__idf_wpa_supplicant.dir/esp_supplicant/src/esp_eap_client.c.obj
[620/1503] Building C object esp-idf/wpa_supplicant/CMakeFiles/__idf_wpa_supplicant.dir/src/crypto/rc4.c.obj
[621/1503] Building C object esp-idf/wpa_supplicant/CMakeFiles/__idf_wpa_supplicant.dir/esp_supplicant/src/crypto/tls_mbedtls.c.obj
[622/1503] Building C object esp-idf/wpa_supplicant/CMakeFiles/__idf_wpa_supplicant.dir/esp_supplicant/src/crypto/crypto_mbedtls-rsa.c.obj
[623/1503] Building C object esp-idf/wpa_supplicant/CMakeFiles/__idf_wpa_supplicant.dir/esp_supplicant/src/crypto/crypto_mbedtls.c.obj
[624/1503] Building C object esp-idf/wpa_supplicant/CMakeFiles/__idf_wpa_supplicant.dir/src/crypto/des-internal.c.obj
[625/1503] Building C object esp-idf/wpa_supplicant/CMakeFiles/__idf_wpa_supplicant.dir/src/crypto/aes-wrap.c.obj
[626/1503] Building C object esp-idf/esp_coex/CMakeFiles/__idf_esp_coex.dir/src/lib_printf.c.obj
[627/1503] Building C object esp-idf/wpa_supplicant/CMakeFiles/__idf_wpa_supplicant.dir/esp_supplicant/src/crypto/crypto_mbedtls-bignum.c.obj
[628/1503] Building C object esp-idf/esp_coex/CMakeFiles/__idf_esp_coex.dir/src/coexist.c.obj
[629/1503] Building C object esp-idf/esp_coex/CMakeFiles/__idf_esp_coex.dir/src/coexist_debug_diagram.c.obj
[630/1503] Building C object esp-idf/esp_wifi/CMakeFiles/__idf_esp_wifi.dir/src/mesh_event.c.obj
[631/1503] Building C object esp-idf/wpa_supplicant/CMakeFiles/__idf_wpa_supplicant.dir/esp_supplicant/src/esp_wps.c.obj
[632/1503] Building C object esp-idf/wpa_supplicant/CMakeFiles/__idf_wpa_supplicant.dir/src/crypto/aes-unwrap.c.obj
[633/1503] Building C object esp-idf/esp_coex/CMakeFiles/__idf_esp_coex.dir/esp32/esp_coex_adapter.c.obj
[634/1503] Building C object esp-idf/esp_coex/CMakeFiles/__idf_esp_coex.dir/src/coexist_debug.c.obj
[635/1503] Building C object esp-idf/esp_wifi/CMakeFiles/__idf_esp_wifi.dir/src/lib_printf.c.obj
[636/1503] Building C object esp-idf/wpa_supplicant/CMakeFiles/__idf_wpa_supplicant.dir/esp_supplicant/src/crypto/crypto_mbedtls-ec.c.obj
[637/1503] Building C object esp-idf/wpa_supplicant/CMakeFiles/__idf_wpa_supplicant.dir/src/crypto/aes-ccm.c.obj
[638/1503] Building C object esp-idf/esp_wifi/CMakeFiles/__idf_esp_wifi.dir/src/wifi_default_ap.c.obj
[639/1503] Building C object esp-idf/esp_wifi/CMakeFiles/__idf_esp_wifi.dir/src/smartconfig.c.obj
[640/1503] Building C object esp-idf/esp_wifi/CMakeFiles/__idf_esp_wifi.dir/src/wifi_init.c.obj
[641/1503] Building C object esp-idf/esp_wifi/CMakeFiles/__idf_esp_wifi.dir/src/wifi_netif.c.obj
[642/1503] Building C object esp-idf/esp_wifi/CMakeFiles/__idf_esp_wifi.dir/src/wifi_default.c.obj
[643/1503] Building C object esp-idf/esp_wifi/CMakeFiles/__idf_esp_wifi.dir/src/smartconfig_ack.c.obj
[644/1503] Building C object esp-idf/esp_driver_spi/CMakeFiles/__idf_esp_driver_spi.dir/src/gpspi/spi_dma.c.obj
[645/1503] Building C object esp-idf/esp_wifi/CMakeFiles/__idf_esp_wifi.dir/esp32/esp_adapter.c.obj
[646/1503] Building C object esp-idf/esp_driver_spi/CMakeFiles/__idf_esp_driver_spi.dir/src/gpspi/spi_slave.c.obj
[647/1503] Building C object esp-idf/esp_driver_mcpwm/CMakeFiles/__idf_esp_driver_mcpwm.dir/src/mcpwm_cmpr.c.obj
[648/1503] Building C object esp-idf/esp_driver_spi/CMakeFiles/__idf_esp_driver_spi.dir/src/gpspi/spi_common.c.obj
[649/1503] Building C object esp-idf/esp_driver_pcnt/CMakeFiles/__idf_esp_driver_pcnt.dir/src/pulse_cnt.c.obj
[650/1503] Building C object esp-idf/esp_driver_mcpwm/CMakeFiles/__idf_esp_driver_mcpwm.dir/src/mcpwm_com.c.obj
[651/1503] Building C object esp-idf/esp_driver_mcpwm/CMakeFiles/__idf_esp_driver_mcpwm.dir/src/mcpwm_fault.c.obj
[652/1503] Building C object esp-idf/esp_driver_spi/CMakeFiles/__idf_esp_driver_spi.dir/src/gpspi/spi_master.c.obj
[653/1503] Building C object esp-idf/esp_driver_mcpwm/CMakeFiles/__idf_esp_driver_mcpwm.dir/src/mcpwm_cap.c.obj
[654/1503] Building C object esp-idf/esp_driver_mcpwm/CMakeFiles/__idf_esp_driver_mcpwm.dir/src/mcpwm_oper.c.obj
[655/1503] Building C object esp-idf/esp_driver_i2s/CMakeFiles/__idf_esp_driver_i2s.dir/i2s_std.c.obj
[656/1503] Building C object esp-idf/esp_driver_mcpwm/CMakeFiles/__idf_esp_driver_mcpwm.dir/src/mcpwm_gen.c.obj
[657/1503] Building C object esp-idf/esp_driver_i2s/CMakeFiles/__idf_esp_driver_i2s.dir/i2s_platform.c.obj
[658/1503] Building C object esp-idf/esp_driver_mcpwm/CMakeFiles/__idf_esp_driver_mcpwm.dir/src/mcpwm_sync.c.obj
[659/1503] Building C object esp-idf/esp_driver_mcpwm/CMakeFiles/__idf_esp_driver_mcpwm.dir/src/mcpwm_timer.c.obj
[660/1503] Building C object esp-idf/sdmmc/CMakeFiles/__idf_sdmmc.dir/sdmmc_cmd.c.obj
[661/1503] Building C object esp-idf/sdmmc/CMakeFiles/__idf_sdmmc.dir/sdmmc_init.c.obj
[662/1503] Building C object esp-idf/esp_driver_i2s/CMakeFiles/__idf_esp_driver_i2s.dir/i2s_pdm.c.obj
[663/1503] Building C object esp-idf/sdmmc/CMakeFiles/__idf_sdmmc.dir/sd_pwr_ctrl/sd_pwr_ctrl.c.obj
[664/1503] Building C object esp-idf/esp_driver_sdspi/CMakeFiles/__idf_esp_driver_sdspi.dir/src/sdspi_crc.c.obj
[665/1503] Building C object esp-idf/sdmmc/CMakeFiles/__idf_sdmmc.dir/sdmmc_common.c.obj
[666/1503] Building C object esp-idf/sdmmc/CMakeFiles/__idf_sdmmc.dir/sdmmc_io.c.obj
[667/1503] Building C object esp-idf/sdmmc/CMakeFiles/__idf_sdmmc.dir/sdmmc_mmc.c.obj
[668/1503] Building C object esp-idf/esp_driver_sdspi/CMakeFiles/__idf_esp_driver_sdspi.dir/src/sdspi_transaction.c.obj
[669/1503] Building C object esp-idf/esp_driver_i2s/CMakeFiles/__idf_esp_driver_i2s.dir/i2s_common.c.obj
[670/1503] Building C object esp-idf/esp_driver_sdmmc/CMakeFiles/__idf_esp_driver_sdmmc.dir/src/sdmmc_transaction.c.obj
[671/1503] Building C object esp-idf/esp_driver_sdmmc/CMakeFiles/__idf_esp_driver_sdmmc.dir/src/sdmmc_host.c.obj
[672/1503] Building C object esp-idf/esp_driver_dac/CMakeFiles/__idf_esp_driver_dac.dir/dac_oneshot.c.obj
[673/1503] Building C object esp-idf/esp_driver_sdio/CMakeFiles/__idf_esp_driver_sdio.dir/src/sdio_slave.c.obj
[674/1503] Building C object esp-idf/esp_driver_sdspi/CMakeFiles/__idf_esp_driver_sdspi.dir/src/sdspi_host.c.obj
[675/1503] Building C object esp-idf/sdmmc/CMakeFiles/__idf_sdmmc.dir/sdmmc_sd.c.obj
[676/1503] Building C object esp-idf/esp_driver_dac/CMakeFiles/__idf_esp_driver_dac.dir/dac_cosine.c.obj
[677/1503] Building C object esp-idf/esp_driver_dac/CMakeFiles/__idf_esp_driver_dac.dir/dac_common.c.obj
[678/1503] Building C object esp-idf/esp_driver_rmt/CMakeFiles/__idf_esp_driver_rmt.dir/src/rmt_encoder.c.obj
[679/1503] Building C object esp-idf/esp_driver_dac/CMakeFiles/__idf_esp_driver_dac.dir/dac_continuous.c.obj
[680/1503] Building C object esp-idf/esp_driver_dac/CMakeFiles/__idf_esp_driver_dac.dir/esp32/dac_dma.c.obj
[681/1503] Building C object esp-idf/esp_driver_rmt/CMakeFiles/__idf_esp_driver_rmt.dir/src/rmt_common.c.obj
[682/1503] Building C object esp-idf/esp_driver_sdm/CMakeFiles/__idf_esp_driver_sdm.dir/src/sdm.c.obj
[683/1503] Building C object esp-idf/esp_driver_i2c/CMakeFiles/__idf_esp_driver_i2c.dir/i2c_common.c.obj
[684/1503] Building C object esp-idf/esp_driver_rmt/CMakeFiles/__idf_esp_driver_rmt.dir/src/rmt_rx.c.obj
[685/1503] Building C object esp-idf/esp_driver_i2c/CMakeFiles/__idf_esp_driver_i2c.dir/i2c_slave.c.obj
[686/1503] Building C object esp-idf/driver/CMakeFiles/__idf_driver.dir/deprecated/adc_legacy.c.obj
[687/1503] Building C object esp-idf/driver/CMakeFiles/__idf_driver.dir/deprecated/esp32/dac_legacy.c.obj
[688/1503] Building C object esp-idf/esp_driver_i2c/CMakeFiles/__idf_esp_driver_i2c.dir/i2c_master.c.obj
[689/1503] Building C object esp-idf/driver/CMakeFiles/__idf_driver.dir/deprecated/dac_common_legacy.c.obj
[690/1503] Building C object esp-idf/esp_driver_rmt/CMakeFiles/__idf_esp_driver_rmt.dir/src/rmt_tx.c.obj
[691/1503] Building C object esp-idf/driver/CMakeFiles/__idf_driver.dir/deprecated/adc_dma_legacy.c.obj
[692/1503] Building C object esp-idf/driver/CMakeFiles/__idf_driver.dir/deprecated/timer_legacy.c.obj
[693/1503] Building C object esp-idf/driver/CMakeFiles/__idf_driver.dir/deprecated/sigma_delta_legacy.c.obj
[694/1503] Building C object esp-idf/driver/CMakeFiles/__idf_driver.dir/touch_sensor/touch_sensor_common.c.obj
[695/1503] Building C object esp-idf/driver/CMakeFiles/__idf_driver.dir/i2c/i2c.c.obj
[696/1503] Building C object esp-idf/esp_driver_ledc/CMakeFiles/__idf_esp_driver_ledc.dir/src/ledc.c.obj
[697/1503] Building C object esp-idf/driver/CMakeFiles/__idf_driver.dir/deprecated/mcpwm_legacy.c.obj
[698/1503] Building C object esp-idf/driver/CMakeFiles/__idf_driver.dir/deprecated/pcnt_legacy.c.obj
[699/1503] Building C object esp-idf/driver/CMakeFiles/__idf_driver.dir/deprecated/rmt_legacy.c.obj
[700/1503] Building C object esp-idf/driver/CMakeFiles/__idf_driver.dir/touch_sensor/esp32/touch_sensor.c.obj
[701/1503] Building C object esp-idf/driver/CMakeFiles/__idf_driver.dir/deprecated/adc_i2s_deprecated.c.obj
[702/1503] Building C object esp-idf/esp-tls/CMakeFiles/__idf_esp-tls.dir/esp-tls-crypto/esp_tls_crypto.c.obj
[703/1503] Building C object esp-idf/esp-tls/CMakeFiles/__idf_esp-tls.dir/esp_tls_platform_port.c.obj
[704/1503] Building C object esp-idf/driver/CMakeFiles/__idf_driver.dir/twai/twai.c.obj
[705/1503] Building C object esp-idf/esp_adc/CMakeFiles/__idf_esp_adc.dir/adc_cali.c.obj
[706/1503] Building C object esp-idf/esp-tls/CMakeFiles/__idf_esp-tls.dir/esp_tls_error_capture.c.obj
[707/1503] Building C object esp-idf/esp_adc/CMakeFiles/__idf_esp_adc.dir/adc_common.c.obj
[708/1503] Building C object esp-idf/driver/CMakeFiles/__idf_driver.dir/deprecated/i2s_legacy.c.obj
[709/1503] Building C object esp-idf/esp_adc/CMakeFiles/__idf_esp_adc.dir/adc_cali_curve_fitting.c.obj
[710/1503] Building C object esp-idf/esp_adc/CMakeFiles/__idf_esp_adc.dir/deprecated/esp_adc_cal_common_legacy.c.obj
[711/1503] Building C object esp-idf/esp_adc/CMakeFiles/__idf_esp_adc.dir/adc_oneshot.c.obj
[712/1503] Building C object esp-idf/esp_adc/CMakeFiles/__idf_esp_adc.dir/esp32/adc_dma.c.obj
[713/1503] Building C object esp-idf/esp_adc/CMakeFiles/__idf_esp_adc.dir/adc_continuous.c.obj
[714/1503] Building C object esp-idf/esp_adc/CMakeFiles/__idf_esp_adc.dir/esp32/adc_cali_line_fitting.c.obj
[715/1503] Building C object esp-idf/esp-tls/CMakeFiles/__idf_esp-tls.dir/esp_tls_mbedtls.c.obj
[716/1503] Building ASM object esp-idf/esp_gdbstub/CMakeFiles/__idf_esp_gdbstub.dir/src/port/xtensa/gdbstub-entry.S.obj
[717/1503] Building C object esp-idf/esp_adc/CMakeFiles/__idf_esp_adc.dir/deprecated/esp32/esp_adc_cal_legacy.c.obj
[718/1503] Building C object esp-idf/esp-tls/CMakeFiles/__idf_esp-tls.dir/esp_tls.c.obj
[719/1503] Building C object esp-idf/esp_gdbstub/CMakeFiles/__idf_esp_gdbstub.dir/src/packet.c.obj
[720/1503] Building C object esp-idf/esp_gdbstub/CMakeFiles/__idf_esp_gdbstub.dir/src/gdbstub_transport.c.obj
[721/1503] Building C object esp-idf/esp_gdbstub/CMakeFiles/__idf_esp_gdbstub.dir/src/port/xtensa/gdbstub_xtensa.c.obj
[722/1503] Building C object esp-idf/http_parser/CMakeFiles/__idf_http_parser.dir/http_parser.c.obj
[723/1503] Building C object esp-idf/esp_gdbstub/CMakeFiles/__idf_esp_gdbstub.dir/src/gdbstub.c.obj
[724/1503] Building C object esp-idf/tcp_transport/CMakeFiles/__idf_tcp_transport.dir/transport_internal.c.obj
[725/1503] Building C object esp-idf/esp_http_client/CMakeFiles/__idf_esp_http_client.dir/lib/http_auth.c.obj
[726/1503] Building C object esp-idf/tcp_transport/CMakeFiles/__idf_tcp_transport.dir/transport_ssl.c.obj
[727/1503] Building C object esp-idf/tcp_transport/CMakeFiles/__idf_tcp_transport.dir/transport_socks_proxy.c.obj
[728/1503] Building C object esp-idf/esp_http_client/CMakeFiles/__idf_esp_http_client.dir/lib/http_header.c.obj
[729/1503] Building C object esp-idf/tcp_transport/CMakeFiles/__idf_tcp_transport.dir/transport.c.obj
[730/1503] Building C object esp-idf/esp_http_client/CMakeFiles/__idf_esp_http_client.dir/lib/http_utils.c.obj
[731/1503] Building C object esp-idf/esp_http_server/CMakeFiles/__idf_esp_http_server.dir/src/httpd_ws.c.obj
[732/1503] Building C object esp-idf/esp_http_server/CMakeFiles/__idf_esp_http_server.dir/src/httpd_sess.c.obj
[733/1503] Building C object esp-idf/esp_http_server/CMakeFiles/__idf_esp_http_server.dir/src/httpd_main.c.obj
[734/1503] Building C object esp-idf/esp_http_server/CMakeFiles/__idf_esp_http_server.dir/src/util/ctrl_sock.c.obj
[735/1503] Building C object esp-idf/tcp_transport/CMakeFiles/__idf_tcp_transport.dir/transport_ws.c.obj
[736/1503] Building C object esp-idf/esp_http_server/CMakeFiles/__idf_esp_http_server.dir/src/httpd_uri.c.obj
[737/1503] Building C object esp-idf/esp_http_server/CMakeFiles/__idf_esp_http_server.dir/src/httpd_parse.c.obj
[738/1503] Building C object esp-idf/esp_http_server/CMakeFiles/__idf_esp_http_server.dir/src/httpd_txrx.c.obj
[739/1503] Building C object esp-idf/esp_http_client/CMakeFiles/__idf_esp_http_client.dir/esp_http_client.c.obj
[740/1503] Building C object esp-idf/esp_https_ota/CMakeFiles/__idf_esp_https_ota.dir/src/esp_https_ota.c.obj
[741/1503] Linking C static library esp-idf/esp_https_ota/libesp_https_ota.a
[742/1503] Linking C static library esp-idf/esp_http_server/libesp_http_server.a
[743/1503] Linking C static library esp-idf/esp_http_client/libesp_http_client.a
[744/1503] Linking C static library esp-idf/tcp_transport/libtcp_transport.a
[745/1503] Linking C static library esp-idf/esp_gdbstub/libesp_gdbstub.a
[746/1503] Linking C static library esp-idf/esp_adc/libesp_adc.a
[747/1503] Linking C static library esp-idf/esp-tls/libesp-tls.a
[748/1503] Linking C static library esp-idf/http_parser/libhttp_parser.a
[749/1503] Linking C static library esp-idf/driver/libdriver.a
[750/1503] Linking C static library esp-idf/esp_driver_ledc/libesp_driver_ledc.a
[751/1503] Linking C static library esp-idf/esp_driver_i2c/libesp_driver_i2c.a
[752/1503] Linking C static library esp-idf/esp_driver_sdm/libesp_driver_sdm.a
[753/1503] Linking C static library esp-idf/esp_driver_rmt/libesp_driver_rmt.a
[754/1503] Linking C static library esp-idf/esp_driver_dac/libesp_driver_dac.a
[755/1503] Linking C static library esp-idf/esp_driver_sdio/libesp_driver_sdio.a
[756/1503] Linking C static library esp-idf/esp_driver_sdspi/libesp_driver_sdspi.a
[757/1503] Linking C static library esp-idf/esp_driver_sdmmc/libesp_driver_sdmmc.a
[758/1503] Linking C static library esp-idf/sdmmc/libsdmmc.a
[759/1503] Linking C static library esp-idf/esp_driver_i2s/libesp_driver_i2s.a
[760/1503] Linking C static library esp-idf/esp_driver_mcpwm/libesp_driver_mcpwm.a
[761/1503] Linking C static library esp-idf/esp_driver_spi/libesp_driver_spi.a
[762/1503] Linking C static library esp-idf/esp_driver_pcnt/libesp_driver_pcnt.a
[763/1503] Linking C static library esp-idf/esp_wifi/libesp_wifi.a
[764/1503] Linking C static library esp-idf/esp_coex/libesp_coex.a
[765/1503] Linking C static library esp-idf/wpa_supplicant/libwpa_supplicant.a
[766/1503] Linking C static library esp-idf/esp_netif/libesp_netif.a
[767/1503] Linking C static library esp-idf/lwip/liblwip.a
[768/1503] Linking C static library esp-idf/vfs/libvfs.a
[769/1503] Linking C static library esp-idf/esp_vfs_console/libesp_vfs_console.a
[770/1503] Linking C static library esp-idf/esp_phy/libesp_phy.a
[771/1503] Linking C static library esp-idf/nvs_flash/libnvs_flash.a
[772/1503] Linking C static library esp-idf/esp_event/libesp_event.a
[773/1503] Linking C static library esp-idf/esp_driver_uart/libesp_driver_uart.a
[774/1503] Linking C static library esp-idf/esp_ringbuf/libesp_ringbuf.a
[775/1503] Linking C static library esp-idf/esp_driver_gptimer/libesp_driver_gptimer.a
[776/1503] Linking C static library esp-idf/esp_timer/libesp_timer.a
[777/1503] Linking C static library esp-idf/cxx/libcxx.a
[778/1503] Linking C static library esp-idf/pthread/libpthread.a
[779/1503] Linking C static library esp-idf/newlib/libnewlib.a
[780/1503] Linking C static library esp-idf/freertos/libfreertos.a
[781/1503] Linking C static library esp-idf/esp_hw_support/libesp_hw_support.a
[782/1503] Linking C static library esp-idf/esp_security/libesp_security.a
[783/1503] Linking C static library esp-idf/soc/libsoc.a
[784/1503] Linking C static library esp-idf/heap/libheap.a
[785/1503] Linking C static library esp-idf/log/liblog.a
[786/1503] Linking C static library esp-idf/hal/libhal.a
[787/1503] Linking C static library esp-idf/esp_rom/libesp_rom.a
[788/1503] Linking C static library esp-idf/esp_common/libesp_common.a
[789/1503] Linking C static library esp-idf/esp_system/libesp_system.a
[790/1503] Linking C static library esp-idf/spi_flash/libspi_flash.a
[791/1503] Linking C static library esp-idf/esp_mm/libesp_mm.a
[792/1503] Linking C static library esp-idf/bootloader_support/libbootloader_support.a
[793/1503] Linking C static library esp-idf/efuse/libefuse.a
[794/1503] Linking C static library esp-idf/esp_partition/libesp_partition.a
[795/1503] Linking C static library esp-idf/app_update/libapp_update.a
[796/1503] Linking C static library esp-idf/esp_bootloader_format/libesp_bootloader_format.a
[797/1503] Linking C static library esp-idf/esp_app_format/libesp_app_format.a
[798/1503] Linking CXX static library esp-idf/mbedtls/mbedtls/library/libmbedtls.a
[799/1503] Linking CXX static library esp-idf/mbedtls/mbedtls/library/libmbedx509.a
[800/1503] Linking CXX static library esp-idf/mbedtls/mbedtls/library/libmbedcrypto.a
[801/1503] Linking CXX static library esp-idf/mbedtls/mbedtls/3rdparty/p256-m/libp256m.a
[802/1503] Linking CXX static library esp-idf/mbedtls/mbedtls/3rdparty/everest/libeverest.a
[803/1503] Building C object esp-idf/xtensa/CMakeFiles/__idf_xtensa.dir/xt_trax.c.obj
[804/1503] Building ASM object esp-idf/xtensa/CMakeFiles/__idf_xtensa.dir/xtensa_intr_asm.S.obj
[805/1503] Building ASM object esp-idf/xtensa/CMakeFiles/__idf_xtensa.dir/xtensa_context.S.obj
[806/1503] Building ASM object esp-idf/xtensa/CMakeFiles/__idf_xtensa.dir/xtensa_vectors.S.obj
[807/1503] Building C object esp-idf/esp_driver_gpio/CMakeFiles/__idf_esp_driver_gpio.dir/src/gpio_glitch_filter_ops.c.obj
[808/1503] Building C object esp-idf/esp_pm/CMakeFiles/__idf_esp_pm.dir/pm_trace.c.obj
[809/1503] Building C object esp-idf/xtensa/CMakeFiles/__idf_xtensa.dir/xtensa_intr.c.obj
[810/1503] Building C object esp-idf/esp_pm/CMakeFiles/__idf_esp_pm.dir/pm_locks.c.obj
[811/1503] Building C object esp-idf/app_trace/CMakeFiles/__idf_app_trace.dir/app_trace_util.c.obj
[812/1503] Building C object esp-idf/esp_driver_gpio/CMakeFiles/__idf_esp_driver_gpio.dir/src/rtc_io.c.obj
[813/1503] Building C object esp-idf/app_trace/CMakeFiles/__idf_app_trace.dir/app_trace.c.obj
[814/1503] Building C object esp-idf/esp_pm/CMakeFiles/__idf_esp_pm.dir/pm_impl.c.obj
[815/1503] Building ASM object esp-idf/bt/CMakeFiles/__idf_bt.dir/controller/esp32/hli_vectors.S.obj
[816/1503] Building C object esp-idf/app_trace/CMakeFiles/__idf_app_trace.dir/host_file_io.c.obj
[817/1503] Building C object esp-idf/app_trace/CMakeFiles/__idf_app_trace.dir/port/port_uart.c.obj
[818/1503] Building C object esp-idf/mbedtls/CMakeFiles/__idf_mbedtls.dir/esp_crt_bundle/esp_crt_bundle.c.obj
[819/1503] Linking C static library esp-idf/mbedtls/libmbedtls.a
[820/1503] Building C object esp-idf/bt/CMakeFiles/__idf_bt.dir/common/hci_log/bt_hci_log.c.obj
[821/1503] Building C object esp-idf/bt/CMakeFiles/__idf_bt.dir/common/api/esp_blufi_api.c.obj
[822/1503] Linking C static library esp-idf/esp_pm/libesp_pm.a
[823/1503] Building C object esp-idf/bt/CMakeFiles/__idf_bt.dir/common/btc/core/btc_manage.c.obj
[824/1503] Building C object esp-idf/bt/CMakeFiles/__idf_bt.dir/common/btc/core/btc_alarm.c.obj
[825/1503] Building C object esp-idf/bt/CMakeFiles/__idf_bt.dir/controller/esp32/hli_api.c.obj
[826/1503] Building C object esp-idf/bt/CMakeFiles/__idf_bt.dir/common/osi/allocator.c.obj
[827/1503] Building C object esp-idf/bt/CMakeFiles/__idf_bt.dir/controller/esp32/bt.c.obj
[828/1503] Building C object esp-idf/bt/CMakeFiles/__idf_bt.dir/common/btc/profile/esp/blufi/blufi_prf.c.obj
[829/1503] Building C object esp-idf/bt/CMakeFiles/__idf_bt.dir/common/osi/buffer.c.obj
[830/1503] Building C object esp-idf/bt/CMakeFiles/__idf_bt.dir/common/btc/profile/esp/blufi/blufi_protocol.c.obj
[831/1503] Building C object esp-idf/bt/CMakeFiles/__idf_bt.dir/common/osi/pkt_queue.c.obj
[832/1503] Building C object esp-idf/esp_driver_gpio/CMakeFiles/__idf_esp_driver_gpio.dir/src/gpio.c.obj
[833/1503] Linking C static library esp-idf/esp_driver_gpio/libesp_driver_gpio.a
[834/1503] Building C object esp-idf/bt/CMakeFiles/__idf_bt.dir/common/osi/alarm.c.obj
[835/1503] Building C object esp-idf/bt/CMakeFiles/__idf_bt.dir/common/osi/future.c.obj
[836/1503] Building C object esp-idf/bt/CMakeFiles/__idf_bt.dir/common/osi/config.c.obj
[837/1503] Linking C static library esp-idf/xtensa/libxtensa.a
[838/1503] Building C object esp-idf/bt/CMakeFiles/__idf_bt.dir/common/osi/hash_functions.c.obj
[839/1503] Building C object esp-idf/bt/CMakeFiles/__idf_bt.dir/common/btc/core/btc_task.c.obj
[840/1503] Building C object esp-idf/bt/CMakeFiles/__idf_bt.dir/common/osi/fixed_pkt_queue.c.obj
[841/1503] Building C object esp-idf/bt/CMakeFiles/__idf_bt.dir/common/osi/fixed_queue.c.obj
[842/1503] Linking C static library esp-idf/app_trace/libapp_trace.a
[843/1503] Building C object esp-idf/bt/CMakeFiles/__idf_bt.dir/common/osi/osi.c.obj
[844/1503] Building C object esp-idf/bt/CMakeFiles/__idf_bt.dir/porting/mem/bt_osi_mem.c.obj
[845/1503] Building C object esp-idf/bt/CMakeFiles/__idf_bt.dir/common/osi/hash_map.c.obj
[846/1503] Building C object esp-idf/bt/CMakeFiles/__idf_bt.dir/common/osi/semaphore.c.obj
[847/1503] Building C object esp-idf/bt/CMakeFiles/__idf_bt.dir/common/osi/thread.c.obj
[848/1503] Building C object esp-idf/bt/CMakeFiles/__idf_bt.dir/common/osi/mutex.c.obj
[849/1503] Building C object esp-idf/bt/CMakeFiles/__idf_bt.dir/host/bluedroid/api/esp_bluedroid_hci.c.obj
[850/1503] Building C object esp-idf/bt/CMakeFiles/__idf_bt.dir/common/osi/list.c.obj
[851/1503] Building C object esp-idf/bt/CMakeFiles/__idf_bt.dir/host/bluedroid/api/esp_a2dp_api.c.obj
[852/1503] Building C object esp-idf/bt/CMakeFiles/__idf_bt.dir/host/bluedroid/api/esp_avrc_api.c.obj
[853/1503] Building C object esp-idf/bt/CMakeFiles/__idf_bt.dir/host/bluedroid/api/esp_bt_main.c.obj
[854/1503] Building C object esp-idf/bt/CMakeFiles/__idf_bt.dir/host/bluedroid/api/esp_gatt_common_api.c.obj
[855/1503] Building C object esp-idf/bt/CMakeFiles/__idf_bt.dir/host/bluedroid/api/esp_bt_device.c.obj
[856/1503] Building C object esp-idf/bt/CMakeFiles/__idf_bt.dir/host/bluedroid/api/esp_hidd_api.c.obj
[857/1503] Building C object esp-idf/bt/CMakeFiles/__idf_bt.dir/host/bluedroid/api/esp_hidh_api.c.obj
[858/1503] Building C object esp-idf/bt/CMakeFiles/__idf_bt.dir/host/bluedroid/api/esp_gap_ble_api.c.obj
[859/1503] Building C object esp-idf/bt/CMakeFiles/__idf_bt.dir/host/bluedroid/api/esp_hf_ag_api.c.obj
[860/1503] Building C object esp-idf/bt/CMakeFiles/__idf_bt.dir/host/bluedroid/api/esp_hf_client_api.c.obj
[861/1503] Building C object esp-idf/bt/CMakeFiles/__idf_bt.dir/host/bluedroid/api/esp_gap_bt_api.c.obj
[862/1503] Building C object esp-idf/bt/CMakeFiles/__idf_bt.dir/host/bluedroid/api/esp_gattc_api.c.obj
[863/1503] Building C object esp-idf/bt/CMakeFiles/__idf_bt.dir/host/bluedroid/api/esp_gatts_api.c.obj
[864/1503] Building C object esp-idf/bt/CMakeFiles/__idf_bt.dir/host/bluedroid/api/esp_l2cap_bt_api.c.obj
[865/1503] Building C object esp-idf/bt/CMakeFiles/__idf_bt.dir/host/bluedroid/api/esp_pbac_api.c.obj
[866/1503] Building C object esp-idf/bt/CMakeFiles/__idf_bt.dir/host/bluedroid/bta/av/bta_av_api.c.obj
[867/1503] Building C object esp-idf/bt/CMakeFiles/__idf_bt.dir/host/bluedroid/bta/av/bta_av_aact.c.obj
[868/1503] Building C object esp-idf/bt/CMakeFiles/__idf_bt.dir/host/bluedroid/bta/ar/bta_ar.c.obj
[869/1503] Building C object esp-idf/bt/CMakeFiles/__idf_bt.dir/host/bluedroid/bta/av/bta_av_act.c.obj
[870/1503] Building C object esp-idf/bt/CMakeFiles/__idf_bt.dir/host/bluedroid/api/esp_spp_api.c.obj
[871/1503] Building C object esp-idf/bt/CMakeFiles/__idf_bt.dir/host/bluedroid/api/esp_sdp_api.c.obj
[872/1503] Building C object esp-idf/bt/CMakeFiles/__idf_bt.dir/host/bluedroid/bta/av/bta_av_main.c.obj
[873/1503] Building C object esp-idf/bt/CMakeFiles/__idf_bt.dir/host/bluedroid/bta/av/bta_av_ca_sm.c.obj
[874/1503] Building C object esp-idf/bt/CMakeFiles/__idf_bt.dir/host/bluedroid/bta/av/bta_av_ca_act.c.obj
[875/1503] Building C object esp-idf/bt/CMakeFiles/__idf_bt.dir/host/bluedroid/bta/av/bta_av_cfg.c.obj
[876/1503] Building C object esp-idf/bt/CMakeFiles/__idf_bt.dir/host/bluedroid/bta/av/bta_av_ci.c.obj
[877/1503] Building C object esp-idf/bt/CMakeFiles/__idf_bt.dir/host/bluedroid/bta/av/bta_av_sbc.c.obj
[878/1503] Building C object esp-idf/bt/CMakeFiles/__idf_bt.dir/host/bluedroid/bta/av/bta_av_ssm.c.obj
[879/1503] Building C object esp-idf/bt/CMakeFiles/__idf_bt.dir/host/bluedroid/bta/dm/bta_dm_sco.c.obj
[880/1503] Building C object esp-idf/bt/CMakeFiles/__idf_bt.dir/host/bluedroid/bta/dm/bta_dm_cfg.c.obj
[881/1503] Building C object esp-idf/bt/CMakeFiles/__idf_bt.dir/host/bluedroid/bta/dm/bta_dm_ci.c.obj
[882/1503] Building C object esp-idf/bt/CMakeFiles/__idf_bt.dir/host/bluedroid/bta/dm/bta_dm_co.c.obj
[883/1503] Building C object esp-idf/bt/CMakeFiles/__idf_bt.dir/host/bluedroid/bta/dm/bta_dm_main.c.obj
[884/1503] Building C object esp-idf/bt/CMakeFiles/__idf_bt.dir/host/bluedroid/bta/dm/bta_dm_pm.c.obj
[885/1503] Building C object esp-idf/bt/CMakeFiles/__idf_bt.dir/host/bluedroid/bta/dm/bta_dm_qos.c.obj
[886/1503] Building C object esp-idf/bt/CMakeFiles/__idf_bt.dir/host/bluedroid/bta/gatt/bta_gatt_common.c.obj
[887/1503] Building C object esp-idf/bt/CMakeFiles/__idf_bt.dir/host/bluedroid/bta/gatt/bta_gattc_ci.c.obj
[888/1503] Building C object esp-idf/bt/CMakeFiles/__idf_bt.dir/host/bluedroid/bta/dm/bta_dm_api.c.obj
[889/1503] Building C object esp-idf/bt/CMakeFiles/__idf_bt.dir/host/bluedroid/bta/gatt/bta_gattc_api.c.obj
[890/1503] Building C object esp-idf/bt/CMakeFiles/__idf_bt.dir/host/bluedroid/bta/gatt/bta_gattc_main.c.obj
[891/1503] Building C object esp-idf/bt/CMakeFiles/__idf_bt.dir/host/bluedroid/bta/gatt/bta_gattc_co.c.obj
[892/1503] Building C object esp-idf/bt/CMakeFiles/__idf_bt.dir/host/bluedroid/bta/gatt/bta_gattc_cache.c.obj
[893/1503] Building C object esp-idf/bt/CMakeFiles/__idf_bt.dir/host/bluedroid/bta/gatt/bta_gattc_act.c.obj
[894/1503] Building C object esp-idf/bt/CMakeFiles/__idf_bt.dir/host/bluedroid/bta/gatt/bta_gattc_utils.c.obj
[895/1503] Building C object esp-idf/bt/CMakeFiles/__idf_bt.dir/host/bluedroid/bta/dm/bta_dm_act.c.obj
[896/1503] Building C object esp-idf/bt/CMakeFiles/__idf_bt.dir/host/bluedroid/bta/gatt/bta_gatts_main.c.obj
[897/1503] Building C object esp-idf/bt/CMakeFiles/__idf_bt.dir/host/bluedroid/bta/gatt/bta_gatts_api.c.obj
[898/1503] Building C object esp-idf/bt/CMakeFiles/__idf_bt.dir/host/bluedroid/bta/hd/bta_hd_act.c.obj
[899/1503] Building C object esp-idf/bt/CMakeFiles/__idf_bt.dir/host/bluedroid/bta/gatt/bta_gatts_act.c.obj
[900/1503] Building C object esp-idf/bt/CMakeFiles/__idf_bt.dir/host/bluedroid/bta/hd/bta_hd_main.c.obj
[901/1503] Building C object esp-idf/bt/CMakeFiles/__idf_bt.dir/host/bluedroid/bta/hd/bta_hd_api.c.obj
[902/1503] Building C object esp-idf/bt/CMakeFiles/__idf_bt.dir/host/bluedroid/bta/hh/bta_hh_api.c.obj
[903/1503] Building C object esp-idf/bt/CMakeFiles/__idf_bt.dir/host/bluedroid/bta/hh/bta_hh_act.c.obj
[904/1503] Building C object esp-idf/bt/CMakeFiles/__idf_bt.dir/host/bluedroid/bta/gatt/bta_gatts_co.c.obj
[905/1503] Building C object esp-idf/bt/CMakeFiles/__idf_bt.dir/host/bluedroid/bta/hh/bta_hh_cfg.c.obj
[906/1503] Building C object esp-idf/bt/CMakeFiles/__idf_bt.dir/host/bluedroid/bta/hh/bta_hh_utils.c.obj
[907/1503] Building C object esp-idf/bt/CMakeFiles/__idf_bt.dir/host/bluedroid/bta/gatt/bta_gatts_utils.c.obj
[908/1503] Building C object esp-idf/bt/CMakeFiles/__idf_bt.dir/host/bluedroid/bta/hh/bta_hh_le.c.obj
[909/1503] Building C object esp-idf/bt/CMakeFiles/__idf_bt.dir/host/bluedroid/bta/hh/bta_hh_main.c.obj
[910/1503] Building C object esp-idf/bt/CMakeFiles/__idf_bt.dir/host/bluedroid/bta/jv/bta_jv_main.c.obj
[911/1503] Building C object esp-idf/bt/CMakeFiles/__idf_bt.dir/host/bluedroid/bta/hf_ag/bta_ag_api.c.obj
[912/1503] Building C object esp-idf/bt/CMakeFiles/__idf_bt.dir/host/bluedroid/bta/hf_ag/bta_ag_act.c.obj
[913/1503] Building C object esp-idf/bt/CMakeFiles/__idf_bt.dir/host/bluedroid/bta/hf_ag/bta_ag_at.c.obj
[914/1503] Building C object esp-idf/bt/CMakeFiles/__idf_bt.dir/host/bluedroid/bta/jv/bta_jv_cfg.c.obj
[915/1503] Building C object esp-idf/bt/CMakeFiles/__idf_bt.dir/host/bluedroid/bta/hf_ag/bta_ag_cmd.c.obj
[916/1503] Building C object esp-idf/bt/CMakeFiles/__idf_bt.dir/host/bluedroid/bta/hf_ag/bta_ag_cfg.c.obj
[917/1503] Building C object esp-idf/bt/CMakeFiles/__idf_bt.dir/host/bluedroid/bta/jv/bta_jv_api.c.obj
[918/1503] Building C object esp-idf/bt/CMakeFiles/__idf_bt.dir/host/bluedroid/bta/hf_ag/bta_ag_rfc.c.obj
[919/1503] Building C object esp-idf/bt/CMakeFiles/__idf_bt.dir/host/bluedroid/bta/hf_ag/bta_ag_main.c.obj
[920/1503] Building C object esp-idf/bt/CMakeFiles/__idf_bt.dir/host/bluedroid/bta/hf_ag/bta_ag_sco.c.obj
[921/1503] Building C object esp-idf/bt/CMakeFiles/__idf_bt.dir/host/bluedroid/bta/hf_ag/bta_ag_sdp.c.obj
[922/1503] Building C object esp-idf/bt/CMakeFiles/__idf_bt.dir/host/bluedroid/bta/hf_client/bta_hf_client_at.c.obj
[923/1503] Building C object esp-idf/bt/CMakeFiles/__idf_bt.dir/host/bluedroid/bta/hf_client/bta_hf_client_act.c.obj
[924/1503] Building C object esp-idf/bt/CMakeFiles/__idf_bt.dir/host/bluedroid/bta/hf_client/bta_hf_client_main.c.obj
[925/1503] Building C object esp-idf/bt/CMakeFiles/__idf_bt.dir/host/bluedroid/bta/hf_client/bta_hf_client_api.c.obj
[926/1503] Building C object esp-idf/bt/CMakeFiles/__idf_bt.dir/host/bluedroid/bta/hf_client/bta_hf_client_rfc.c.obj
[927/1503] Building C object esp-idf/bt/CMakeFiles/__idf_bt.dir/host/bluedroid/bta/hf_client/bta_hf_client_cmd.c.obj
[928/1503] Building C object esp-idf/bt/CMakeFiles/__idf_bt.dir/host/bluedroid/bta/hf_client/bta_hf_client_sco.c.obj
[929/1503] Building C object esp-idf/bt/CMakeFiles/__idf_bt.dir/host/bluedroid/bta/hf_client/bta_hf_client_sdp.c.obj
[930/1503] Building C object esp-idf/bt/CMakeFiles/__idf_bt.dir/host/bluedroid/bta/pba/bta_pba_client_act.c.obj
[931/1503] Building C object esp-idf/bt/CMakeFiles/__idf_bt.dir/host/bluedroid/bta/pba/bta_pba_client_api.c.obj
[932/1503] Building C object esp-idf/bt/CMakeFiles/__idf_bt.dir/host/bluedroid/bta/pba/bta_pba_client_main.c.obj
[933/1503] Building C object esp-idf/bt/CMakeFiles/__idf_bt.dir/host/bluedroid/bta/pba/bta_pba_client_sdp.c.obj
[934/1503] Building C object esp-idf/bt/CMakeFiles/__idf_bt.dir/host/bluedroid/bta/jv/bta_jv_act.c.obj
[935/1503] Building C object esp-idf/bt/CMakeFiles/__idf_bt.dir/host/bluedroid/bta/sdp/bta_sdp_api.c.obj
[936/1503] Building C object esp-idf/bt/CMakeFiles/__idf_bt.dir/host/bluedroid/bta/sdp/bta_sdp_act.c.obj
[937/1503] Building C object esp-idf/bt/CMakeFiles/__idf_bt.dir/host/bluedroid/bta/sdp/bta_sdp.c.obj
[938/1503] Building C object esp-idf/bt/CMakeFiles/__idf_bt.dir/host/bluedroid/bta/sys/bta_sys_conn.c.obj
[939/1503] Building C object esp-idf/bt/CMakeFiles/__idf_bt.dir/host/bluedroid/bta/sdp/bta_sdp_cfg.c.obj
[940/1503] Building C object esp-idf/bt/CMakeFiles/__idf_bt.dir/host/bluedroid/btc/core/btc_dev.c.obj
[941/1503] Building C object esp-idf/bt/CMakeFiles/__idf_bt.dir/host/bluedroid/btc/core/btc_main.c.obj
[942/1503] Building C object esp-idf/bt/CMakeFiles/__idf_bt.dir/host/bluedroid/bta/sys/utl.c.obj
[943/1503] Building C object esp-idf/bt/CMakeFiles/__idf_bt.dir/host/bluedroid/btc/core/btc_config.c.obj
[944/1503] Building C object esp-idf/bt/CMakeFiles/__idf_bt.dir/host/bluedroid/btc/core/btc_profile_queue.c.obj
[945/1503] Building C object esp-idf/bt/CMakeFiles/__idf_bt.dir/host/bluedroid/btc/core/btc_ble_storage.c.obj
[946/1503] Building C object esp-idf/bt/CMakeFiles/__idf_bt.dir/host/bluedroid/bta/sys/bta_sys_main.c.obj
[947/1503] Building C object esp-idf/bt/CMakeFiles/__idf_bt.dir/host/bluedroid/btc/core/btc_sm.c.obj
[948/1503] Building C object esp-idf/bt/CMakeFiles/__idf_bt.dir/host/bluedroid/btc/core/btc_storage.c.obj
[949/1503] Building C object esp-idf/bt/CMakeFiles/__idf_bt.dir/host/bluedroid/btc/profile/std/a2dp/bta_av_co.c.obj
[950/1503] Building C object esp-idf/bt/CMakeFiles/__idf_bt.dir/host/bluedroid/btc/profile/std/a2dp/btc_a2dp_sink.c.obj
[951/1503] Building C object esp-idf/bt/CMakeFiles/__idf_bt.dir/host/bluedroid/btc/profile/std/a2dp/btc_av.c.obj
[952/1503] Building C object esp-idf/bt/CMakeFiles/__idf_bt.dir/host/bluedroid/btc/profile/std/a2dp/btc_a2dp_source.c.obj
[953/1503] Building C object esp-idf/bt/CMakeFiles/__idf_bt.dir/host/bluedroid/btc/core/btc_util.c.obj
[954/1503] Building C object esp-idf/bt/CMakeFiles/__idf_bt.dir/host/bluedroid/btc/profile/std/a2dp/btc_a2dp.c.obj
[955/1503] Building C object esp-idf/bt/CMakeFiles/__idf_bt.dir/host/bluedroid/btc/profile/std/a2dp/btc_a2dp_control.c.obj
[956/1503] Building C object esp-idf/bt/CMakeFiles/__idf_bt.dir/host/bluedroid/btc/core/btc_dm.c.obj
[957/1503] Building C object esp-idf/bt/CMakeFiles/__idf_bt.dir/host/bluedroid/btc/profile/std/hf_client/bta_hf_client_co.c.obj
[958/1503] Building C object esp-idf/bt/CMakeFiles/__idf_bt.dir/host/bluedroid/btc/profile/std/avrc/btc_avrc.c.obj
[959/1503] Building C object esp-idf/bt/CMakeFiles/__idf_bt.dir/host/bluedroid/btc/profile/std/avrc/bta_avrc_co.c.obj
[960/1503] Building C object esp-idf/bt/CMakeFiles/__idf_bt.dir/host/bluedroid/btc/profile/std/hid/btc_hd.c.obj
[961/1503] Building C object esp-idf/bt/CMakeFiles/__idf_bt.dir/host/bluedroid/btc/profile/std/hf_ag/bta_ag_co.c.obj
[962/1503] Building C object esp-idf/bt/CMakeFiles/__idf_bt.dir/host/bluedroid/btc/profile/std/hf_client/btc_hf_client.c.obj
[963/1503] Building C object esp-idf/bt/CMakeFiles/__idf_bt.dir/host/bluedroid/btc/profile/std/hf_ag/btc_hf_ag.c.obj
[964/1503] Building C object esp-idf/bt/CMakeFiles/__idf_bt.dir/host/bluedroid/btc/profile/std/hid/btc_hh.c.obj
[965/1503] Building C object esp-idf/bt/CMakeFiles/__idf_bt.dir/host/bluedroid/btc/profile/std/hid/bta_hh_co.c.obj
[966/1503] Building C object esp-idf/bt/CMakeFiles/__idf_bt.dir/host/bluedroid/btc/profile/std/gap/bta_gap_bt_co.c.obj
[967/1503] Building C object esp-idf/bt/CMakeFiles/__idf_bt.dir/host/bluedroid/btc/profile/std/gatt/btc_gatt_util.c.obj
[968/1503] Building C object esp-idf/bt/CMakeFiles/__idf_bt.dir/host/bluedroid/btc/profile/std/gap/btc_gap_bt.c.obj
[969/1503] Building C object esp-idf/bt/CMakeFiles/__idf_bt.dir/host/bluedroid/btc/profile/std/gatt/btc_gatt_common.c.obj
[970/1503] Building C object esp-idf/bt/CMakeFiles/__idf_bt.dir/host/bluedroid/btc/profile/std/gatt/btc_gatts.c.obj
[971/1503] Building C object esp-idf/bt/CMakeFiles/__idf_bt.dir/host/bluedroid/btc/profile/std/pba/btc_pba_client.c.obj
[972/1503] Building C object esp-idf/bt/CMakeFiles/__idf_bt.dir/host/bluedroid/device/bdaddr.c.obj
[973/1503] Building C object esp-idf/bt/CMakeFiles/__idf_bt.dir/host/bluedroid/btc/profile/std/spp/btc_spp.c.obj
[974/1503] Building C object esp-idf/bt/CMakeFiles/__idf_bt.dir/host/bluedroid/btc/profile/std/gatt/btc_gattc.c.obj
[975/1503] Building C object esp-idf/bt/CMakeFiles/__idf_bt.dir/host/bluedroid/external/sbc/decoder/srce/alloc.c.obj
[976/1503] Building C object esp-idf/bt/CMakeFiles/__idf_bt.dir/host/bluedroid/device/interop.c.obj
[977/1503] Building C object esp-idf/bt/CMakeFiles/__idf_bt.dir/host/bluedroid/external/sbc/decoder/srce/bitalloc-sbc.c.obj
[978/1503] Building C object esp-idf/bt/CMakeFiles/__idf_bt.dir/host/bluedroid/btc/profile/std/gap/btc_gap_ble.c.obj
[979/1503] Building C object esp-idf/bt/CMakeFiles/__idf_bt.dir/host/bluedroid/external/sbc/decoder/srce/bitalloc.c.obj
[980/1503] Building C object esp-idf/bt/CMakeFiles/__idf_bt.dir/host/bluedroid/external/sbc/decoder/srce/decoder-oina.c.obj
[981/1503] Building C object esp-idf/bt/CMakeFiles/__idf_bt.dir/host/bluedroid/external/sbc/decoder/srce/decoder-sbc.c.obj
[982/1503] Building C object esp-idf/bt/CMakeFiles/__idf_bt.dir/host/bluedroid/external/sbc/decoder/srce/bitstream-decode.c.obj
[983/1503] Building C object esp-idf/bt/CMakeFiles/__idf_bt.dir/host/bluedroid/external/sbc/decoder/srce/dequant.c.obj
[984/1503] Building C object esp-idf/bt/CMakeFiles/__idf_bt.dir/host/bluedroid/btc/profile/std/sdp/btc_sdp.c.obj
[985/1503] Building C object esp-idf/bt/CMakeFiles/__idf_bt.dir/host/bluedroid/btc/profile/std/l2cap/btc_l2cap.c.obj
[986/1503] Building C object esp-idf/bt/CMakeFiles/__idf_bt.dir/host/bluedroid/device/controller.c.obj
[987/1503] Building C object esp-idf/bt/CMakeFiles/__idf_bt.dir/host/bluedroid/external/sbc/decoder/srce/decoder-private.c.obj
[988/1503] Building C object esp-idf/bt/CMakeFiles/__idf_bt.dir/host/bluedroid/external/sbc/decoder/srce/synthesis-sbc.c.obj
[989/1503] Building C object esp-idf/bt/CMakeFiles/__idf_bt.dir/host/bluedroid/external/sbc/decoder/srce/framing.c.obj
[990/1503] Building C object esp-idf/bt/CMakeFiles/__idf_bt.dir/host/bluedroid/external/sbc/decoder/srce/framing-sbc.c.obj
[991/1503] Building C object esp-idf/bt/CMakeFiles/__idf_bt.dir/host/bluedroid/external/sbc/encoder/srce/sbc_analysis.c.obj
[992/1503] Building C object esp-idf/bt/CMakeFiles/__idf_bt.dir/host/bluedroid/external/sbc/encoder/srce/sbc_dct.c.obj
[993/1503] Building C object esp-idf/bt/CMakeFiles/__idf_bt.dir/host/bluedroid/external/sbc/decoder/srce/synthesis-8-generated.c.obj
[994/1503] Building C object esp-idf/bt/CMakeFiles/__idf_bt.dir/host/bluedroid/external/sbc/decoder/srce/oi_codec_version.c.obj
[995/1503] Building C object esp-idf/bt/CMakeFiles/__idf_bt.dir/host/bluedroid/external/sbc/encoder/srce/sbc_dct_coeffs.c.obj
[996/1503] Building C object esp-idf/bt/CMakeFiles/__idf_bt.dir/host/bluedroid/external/sbc/decoder/srce/synthesis-dct8.c.obj
[997/1503] Building C object esp-idf/bt/CMakeFiles/__idf_bt.dir/host/bluedroid/external/sbc/encoder/srce/sbc_enc_bit_alloc_mono.c.obj
[998/1503] Building C object esp-idf/bt/CMakeFiles/__idf_bt.dir/host/bluedroid/external/sbc/encoder/srce/sbc_encoder.c.obj
[999/1503] Building C object esp-idf/bt/CMakeFiles/__idf_bt.dir/host/bluedroid/external/sbc/encoder/srce/sbc_enc_bit_alloc_ste.c.obj
[1000/1503] Building C object esp-idf/bt/CMakeFiles/__idf_bt.dir/host/bluedroid/external/sbc/encoder/srce/sbc_packing.c.obj
[1001/1503] Building C object esp-idf/bt/CMakeFiles/__idf_bt.dir/host/bluedroid/external/sbc/encoder/srce/sbc_enc_coeffs.c.obj
[1002/1503] Building C object esp-idf/bt/CMakeFiles/__idf_bt.dir/host/bluedroid/external/sbc/plc/sbc_plc.c.obj
[1003/1503] Building C object esp-idf/bt/CMakeFiles/__idf_bt.dir/host/bluedroid/hci/hci_packet_parser.c.obj
[1004/1503] Building C object esp-idf/bt/CMakeFiles/__idf_bt.dir/host/bluedroid/hci/packet_fragmenter.c.obj
[1005/1503] Building C object esp-idf/bt/CMakeFiles/__idf_bt.dir/host/bluedroid/hci/hci_packet_factory.c.obj
[1006/1503] Building C object esp-idf/bt/CMakeFiles/__idf_bt.dir/host/bluedroid/hci/hci_hal_h4.c.obj
[1007/1503] Building C object esp-idf/bt/CMakeFiles/__idf_bt.dir/host/bluedroid/main/bte_init.c.obj
[1008/1503] Building C object esp-idf/bt/CMakeFiles/__idf_bt.dir/host/bluedroid/stack/a2dp/a2d_api.c.obj
[1009/1503] Building C object esp-idf/bt/CMakeFiles/__idf_bt.dir/host/bluedroid/hci/hci_layer.c.obj
[1010/1503] Building C object esp-idf/bt/CMakeFiles/__idf_bt.dir/host/bluedroid/stack/a2dp/a2d_sbc.c.obj
[1011/1503] Building C object esp-idf/bt/CMakeFiles/__idf_bt.dir/host/bluedroid/main/bte_main.c.obj
[1012/1503] Building C object esp-idf/bt/CMakeFiles/__idf_bt.dir/host/bluedroid/stack/avct/avct_api.c.obj
[1013/1503] Building C object esp-idf/bt/CMakeFiles/__idf_bt.dir/host/bluedroid/stack/avct/avct_ccb.c.obj
[1014/1503] Building C object esp-idf/bt/CMakeFiles/__idf_bt.dir/host/bluedroid/stack/avct/avct_l2c.c.obj
[1015/1503] Building C object esp-idf/bt/CMakeFiles/__idf_bt.dir/host/bluedroid/stack/avdt/avdt_ad.c.obj
[1016/1503] Building C object esp-idf/bt/CMakeFiles/__idf_bt.dir/host/bluedroid/stack/avct/avct_lcb_act.c.obj
[1017/1503] Building C object esp-idf/bt/CMakeFiles/__idf_bt.dir/host/bluedroid/stack/avdt/avdt_ccb_act.c.obj
[1018/1503] Building C object esp-idf/bt/CMakeFiles/__idf_bt.dir/host/bluedroid/stack/avct/avct_lcb.c.obj
[1019/1503] Building C object esp-idf/bt/CMakeFiles/__idf_bt.dir/host/bluedroid/stack/avdt/avdt_api.c.obj
[1020/1503] Building C object esp-idf/bt/CMakeFiles/__idf_bt.dir/host/bluedroid/stack/avdt/avdt_ccb.c.obj
[1021/1503] Building C object esp-idf/bt/CMakeFiles/__idf_bt.dir/host/bluedroid/stack/avdt/avdt_msg.c.obj
[1022/1503] Building C object esp-idf/bt/CMakeFiles/__idf_bt.dir/host/bluedroid/stack/avdt/avdt_l2c.c.obj
[1023/1503] Building C object esp-idf/bt/CMakeFiles/__idf_bt.dir/host/bluedroid/stack/avdt/avdt_scb.c.obj
[1024/1503] Building C object esp-idf/bt/CMakeFiles/__idf_bt.dir/host/bluedroid/stack/avrc/avrc_api.c.obj
[1025/1503] Building C object esp-idf/bt/CMakeFiles/__idf_bt.dir/host/bluedroid/stack/avdt/avdt_scb_act.c.obj
[1026/1503] Building C object esp-idf/bt/CMakeFiles/__idf_bt.dir/host/bluedroid/stack/avrc/avrc_bld_ct.c.obj
[1027/1503] Building C object esp-idf/bt/CMakeFiles/__idf_bt.dir/host/bluedroid/stack/avrc/avrc_bld_tg.c.obj
[1028/1503] Building C object esp-idf/bt/CMakeFiles/__idf_bt.dir/host/bluedroid/stack/avrc/avrc_opt.c.obj
[1029/1503] Building C object esp-idf/bt/CMakeFiles/__idf_bt.dir/host/bluedroid/stack/avrc/avrc_pars_ct.c.obj
[1030/1503] Building C object esp-idf/bt/CMakeFiles/__idf_bt.dir/host/bluedroid/stack/avrc/avrc_sdp.c.obj
[1031/1503] Building C object esp-idf/bt/CMakeFiles/__idf_bt.dir/host/bluedroid/stack/avrc/avrc_pars_tg.c.obj
[1032/1503] Building C object esp-idf/bt/CMakeFiles/__idf_bt.dir/host/bluedroid/stack/hid/hidd_api.c.obj
[1033/1503] Building C object esp-idf/bt/CMakeFiles/__idf_bt.dir/host/bluedroid/stack/avrc/avrc_utils.c.obj
[1034/1503] Building C object esp-idf/bt/CMakeFiles/__idf_bt.dir/host/bluedroid/stack/hid/hidd_conn.c.obj
[1035/1503] Building C object esp-idf/bt/CMakeFiles/__idf_bt.dir/host/bluedroid/stack/hid/hidh_api.c.obj
[1036/1503] Building C object esp-idf/bt/CMakeFiles/__idf_bt.dir/host/bluedroid/stack/hid/hidh_conn.c.obj
[1037/1503] Building C object esp-idf/bt/CMakeFiles/__idf_bt.dir/host/bluedroid/stack/btm/btm_ble_cont_energy.c.obj
[1038/1503] Building C object esp-idf/bt/CMakeFiles/__idf_bt.dir/host/bluedroid/stack/btm/btm_ble_addr.c.obj
[1039/1503] Building C object esp-idf/bt/CMakeFiles/__idf_bt.dir/host/bluedroid/stack/btm/btm_acl.c.obj
[1040/1503] Building C object esp-idf/bt/CMakeFiles/__idf_bt.dir/host/bluedroid/stack/btm/btm_ble_batchscan.c.obj
[1041/1503] Building C object esp-idf/bt/CMakeFiles/__idf_bt.dir/host/bluedroid/stack/btm/btm_ble.c.obj
[1042/1503] Building C object esp-idf/bt/CMakeFiles/__idf_bt.dir/host/bluedroid/stack/btm/btm_ble_bgconn.c.obj
[1043/1503] Building C object esp-idf/bt/CMakeFiles/__idf_bt.dir/host/bluedroid/stack/btm/btm_ble_5_gap.c.obj
[1044/1503] Building C object esp-idf/bt/CMakeFiles/__idf_bt.dir/host/bluedroid/stack/btm/btm_ble_adv_filter.c.obj
[1045/1503] Building C object esp-idf/bt/CMakeFiles/__idf_bt.dir/host/bluedroid/stack/btm/btm_ble_privacy.c.obj
[1046/1503] Building C object esp-idf/bt/CMakeFiles/__idf_bt.dir/host/bluedroid/stack/btm/btm_main.c.obj
[1047/1503] Building C object esp-idf/bt/CMakeFiles/__idf_bt.dir/host/bluedroid/stack/btm/btm_dev.c.obj
[1048/1503] Building C object esp-idf/bt/CMakeFiles/__idf_bt.dir/host/bluedroid/stack/btm/btm_ble_multi_adv.c.obj
[1049/1503] Building C object esp-idf/bt/CMakeFiles/__idf_bt.dir/host/bluedroid/stack/btm/btm_devctl.c.obj
[1050/1503] Building C object esp-idf/bt/CMakeFiles/__idf_bt.dir/host/bluedroid/stack/btm/btm_pm.c.obj
[1051/1503] Building C object esp-idf/bt/CMakeFiles/__idf_bt.dir/host/bluedroid/stack/btm/btm_sco.c.obj
[1052/1503] Building C object esp-idf/bt/CMakeFiles/__idf_bt.dir/host/bluedroid/stack/btm/btm_ble_gap.c.obj
[1053/1503] Building C object esp-idf/bt/CMakeFiles/__idf_bt.dir/host/bluedroid/stack/btu/btu_init.c.obj
[1054/1503] Building C object esp-idf/bt/CMakeFiles/__idf_bt.dir/host/bluedroid/stack/btm/btm_inq.c.obj
[1055/1503] Building C object esp-idf/bt/CMakeFiles/__idf_bt.dir/host/bluedroid/stack/gap/gap_api.c.obj
[1056/1503] Building C object esp-idf/bt/CMakeFiles/__idf_bt.dir/host/bluedroid/stack/btu/btu_hcif.c.obj
[1057/1503] Building C object esp-idf/bt/CMakeFiles/__idf_bt.dir/host/bluedroid/stack/gap/gap_ble.c.obj
[1058/1503] Building C object esp-idf/bt/CMakeFiles/__idf_bt.dir/host/bluedroid/stack/btu/btu_task.c.obj
[1059/1503] Building C object esp-idf/bt/CMakeFiles/__idf_bt.dir/host/bluedroid/stack/gap/gap_conn.c.obj
[1060/1503] Building C object esp-idf/bt/CMakeFiles/__idf_bt.dir/host/bluedroid/stack/gatt/att_protocol.c.obj
[1061/1503] Building C object esp-idf/bt/CMakeFiles/__idf_bt.dir/host/bluedroid/stack/gap/gap_utils.c.obj
[1062/1503] Building C object esp-idf/bt/CMakeFiles/__idf_bt.dir/host/bluedroid/stack/gatt/gatt_auth.c.obj
[1063/1503] Building C object esp-idf/bt/CMakeFiles/__idf_bt.dir/host/bluedroid/stack/gatt/gatt_attr.c.obj
[1064/1503] Building C object esp-idf/bt/CMakeFiles/__idf_bt.dir/host/bluedroid/stack/gatt/gatt_db.c.obj
[1065/1503] Building C object esp-idf/bt/CMakeFiles/__idf_bt.dir/host/bluedroid/stack/gatt/gatt_sr_hash.c.obj
[1066/1503] Building C object esp-idf/bt/CMakeFiles/__idf_bt.dir/host/bluedroid/stack/gatt/gatt_sr.c.obj
[1067/1503] Building C object esp-idf/bt/CMakeFiles/__idf_bt.dir/host/bluedroid/stack/gatt/gatt_api.c.obj
[1068/1503] Building C object esp-idf/bt/CMakeFiles/__idf_bt.dir/host/bluedroid/stack/gatt/gatt_main.c.obj
[1069/1503] Building C object esp-idf/bt/CMakeFiles/__idf_bt.dir/host/bluedroid/stack/gatt/gatt_cl.c.obj
[1070/1503] Building C object esp-idf/bt/CMakeFiles/__idf_bt.dir/host/bluedroid/stack/goep/goepc_main.c.obj
[1071/1503] Building C object esp-idf/bt/CMakeFiles/__idf_bt.dir/host/bluedroid/stack/goep/goepc_api.c.obj
[1072/1503] Building C object esp-idf/bt/CMakeFiles/__idf_bt.dir/host/bluedroid/stack/btm/btm_sec.c.obj
[1073/1503] Building C object esp-idf/bt/CMakeFiles/__idf_bt.dir/host/bluedroid/stack/hcic/hciblecmds.c.obj
[1074/1503] Building C object esp-idf/bt/CMakeFiles/__idf_bt.dir/host/bluedroid/stack/l2cap/l2c_csm.c.obj
[1075/1503] Building C object esp-idf/bt/CMakeFiles/__idf_bt.dir/host/bluedroid/stack/l2cap/l2c_fcr.c.obj
[1076/1503] Building C object esp-idf/bt/CMakeFiles/__idf_bt.dir/host/bluedroid/stack/l2cap/l2c_api.c.obj
[1077/1503] Building C object esp-idf/bt/CMakeFiles/__idf_bt.dir/host/bluedroid/stack/l2cap/l2c_ble.c.obj
[1078/1503] Building C object esp-idf/bt/CMakeFiles/__idf_bt.dir/host/bluedroid/stack/gatt/gatt_utils.c.obj
[1079/1503] Building C object esp-idf/bt/CMakeFiles/__idf_bt.dir/host/bluedroid/stack/hcic/hcicmds.c.obj
[1080/1503] Building C object esp-idf/bt/CMakeFiles/__idf_bt.dir/host/bluedroid/stack/obex/obex_main.c.obj
[1081/1503] Building C object esp-idf/bt/CMakeFiles/__idf_bt.dir/host/bluedroid/stack/obex/obex_api.c.obj
[1082/1503] Building C object esp-idf/bt/CMakeFiles/__idf_bt.dir/host/bluedroid/stack/l2cap/l2c_main.c.obj
[1083/1503] Building C object esp-idf/bt/CMakeFiles/__idf_bt.dir/host/bluedroid/stack/obex/obex_tl_rfcomm.c.obj
[1084/1503] Building C object esp-idf/bt/CMakeFiles/__idf_bt.dir/host/bluedroid/stack/l2cap/l2c_ucd.c.obj
[1085/1503] Building C object esp-idf/bt/CMakeFiles/__idf_bt.dir/host/bluedroid/stack/obex/obex_tl_l2cap.c.obj
[1086/1503] Building C object esp-idf/bt/CMakeFiles/__idf_bt.dir/host/bluedroid/stack/l2cap/l2c_link.c.obj
[1087/1503] Building C object esp-idf/bt/CMakeFiles/__idf_bt.dir/host/bluedroid/stack/rfcomm/rfc_l2cap_if.c.obj
[1088/1503] Building C object esp-idf/bt/CMakeFiles/__idf_bt.dir/host/bluedroid/stack/rfcomm/port_api.c.obj
[1089/1503] Building C object esp-idf/bt/CMakeFiles/__idf_bt.dir/host/bluedroid/stack/rfcomm/rfc_port_fsm.c.obj
[1090/1503] Building C object esp-idf/bt/CMakeFiles/__idf_bt.dir/host/bluedroid/stack/rfcomm/port_rfc.c.obj
[1091/1503] Building C object esp-idf/bt/CMakeFiles/__idf_bt.dir/host/bluedroid/stack/rfcomm/rfc_mx_fsm.c.obj
[1092/1503] Building C object esp-idf/bt/CMakeFiles/__idf_bt.dir/host/bluedroid/stack/rfcomm/port_utils.c.obj
[1093/1503] Building C object esp-idf/bt/CMakeFiles/__idf_bt.dir/host/bluedroid/stack/rfcomm/rfc_port_if.c.obj
[1094/1503] Building C object esp-idf/bt/CMakeFiles/__idf_bt.dir/host/bluedroid/stack/l2cap/l2c_utils.c.obj
[1095/1503] Building C object esp-idf/bt/CMakeFiles/__idf_bt.dir/host/bluedroid/stack/sdp/sdp_server.c.obj
[1096/1503] Building C object esp-idf/bt/CMakeFiles/__idf_bt.dir/host/bluedroid/stack/sdp/sdp_api.c.obj
[1097/1503] Building C object esp-idf/bt/CMakeFiles/__idf_bt.dir/host/bluedroid/stack/sdp/sdp_discovery.c.obj
[1098/1503] Building C object esp-idf/bt/CMakeFiles/__idf_bt.dir/host/bluedroid/stack/rfcomm/rfc_utils.c.obj
[1099/1503] Building C object esp-idf/bt/CMakeFiles/__idf_bt.dir/host/bluedroid/stack/sdp/sdp_db.c.obj
[1100/1503] Building C object esp-idf/bt/CMakeFiles/__idf_bt.dir/host/bluedroid/stack/sdp/sdp_main.c.obj
[1101/1503] Building C object esp-idf/bt/CMakeFiles/__idf_bt.dir/host/bluedroid/stack/rfcomm/rfc_ts_frames.c.obj
[1102/1503] Building C object esp-idf/bt/CMakeFiles/__idf_bt.dir/host/bluedroid/stack/smp/p_256_curvepara.c.obj
[1103/1503] Building C object esp-idf/bt/CMakeFiles/__idf_bt.dir/host/bluedroid/stack/smp/smp_br_main.c.obj
[1104/1503] Building C object esp-idf/bt/CMakeFiles/__idf_bt.dir/host/bluedroid/stack/smp/p_256_ecc_pp.c.obj
[1105/1503] Building C object esp-idf/bt/CMakeFiles/__idf_bt.dir/host/bluedroid/stack/smp/p_256_multprecision.c.obj
[1106/1503] Building C object esp-idf/bt/CMakeFiles/__idf_bt.dir/host/bluedroid/stack/smp/aes.c.obj
[1107/1503] Building C object esp-idf/bt/CMakeFiles/__idf_bt.dir/host/bluedroid/stack/sdp/sdp_utils.c.obj
[1108/1503] Building C object esp-idf/bt/CMakeFiles/__idf_bt.dir/host/bluedroid/stack/smp/smp_cmac.c.obj
[1109/1503] Building C object esp-idf/bt/CMakeFiles/__idf_bt.dir/host/bluedroid/stack/smp/smp_api.c.obj
[1110/1503] Building C object esp-idf/bt/CMakeFiles/__idf_bt.dir/host/bluedroid/config/stack_config.c.obj
[1111/1503] Building C object esp-idf/bt/CMakeFiles/__idf_bt.dir/host/bluedroid/stack/smp/smp_l2c.c.obj
[1112/1503] Building C object esp-idf/bt/CMakeFiles/__idf_bt.dir/porting/ext/tinycrypt/src/utils.c.obj
[1113/1503] Building C object esp-idf/bt/CMakeFiles/__idf_bt.dir/porting/ext/tinycrypt/src/ctr_prng.c.obj
[1114/1503] Building C object esp-idf/bt/CMakeFiles/__idf_bt.dir/host/bluedroid/stack/smp/smp_main.c.obj
[1115/1503] Building C object esp-idf/bt/CMakeFiles/__idf_bt.dir/porting/ext/tinycrypt/src/ccm_mode.c.obj
[1116/1503] Building C object esp-idf/bt/CMakeFiles/__idf_bt.dir/porting/ext/tinycrypt/src/ecc_dh.c.obj
[1117/1503] Building C object esp-idf/bt/CMakeFiles/__idf_bt.dir/host/bluedroid/stack/smp/smp_act.c.obj
[1118/1503] Building C object esp-idf/bt/CMakeFiles/__idf_bt.dir/host/bluedroid/stack/smp/smp_keys.c.obj
[1119/1503] Building C object esp-idf/unity/CMakeFiles/__idf_unity.dir/unity_compat.c.obj
[1120/1503] Building C object esp-idf/bt/CMakeFiles/__idf_bt.dir/porting/ext/tinycrypt/src/ecc.c.obj
[1121/1503] Building C object esp-idf/bt/CMakeFiles/__idf_bt.dir/common/btc/profile/esp/blufi/bluedroid_host/esp_blufi.c.obj
[1122/1503] Building C object esp-idf/bt/CMakeFiles/__idf_bt.dir/host/bluedroid/stack/smp/smp_utils.c.obj
[1123/1503] Building C object esp-idf/unity/CMakeFiles/__idf_unity.dir/unity_utils_freertos.c.obj
[1124/1503] Building C object esp-idf/unity/CMakeFiles/__idf_unity.dir/port/esp/unity_utils_memory_esp.c.obj
[1125/1503] Building C object esp-idf/unity/CMakeFiles/__idf_unity.dir/unity_utils_cache.c.obj
[1126/1503] Building C object esp-idf/unity/CMakeFiles/__idf_unity.dir/unity_runner.c.obj
[1127/1503] Building C object esp-idf/cmock/CMakeFiles/__idf_cmock.dir/CMock/src/cmock.c.obj
[1128/1503] Building C object esp-idf/unity/CMakeFiles/__idf_unity.dir/unity/src/unity.c.obj
[1129/1503] Building C object esp-idf/unity/CMakeFiles/__idf_unity.dir/unity_utils_memory.c.obj
[1130/1503] Building C object esp-idf/console/CMakeFiles/__idf_console.dir/split_argv.c.obj
[1131/1503] Building C object esp-idf/unity/CMakeFiles/__idf_unity.dir/unity_port_esp32.c.obj
[1132/1503] Building C object esp-idf/console/CMakeFiles/__idf_console.dir/esp_console_common.c.obj
[1133/1503] Building C object esp-idf/console/CMakeFiles/__idf_console.dir/commands.c.obj
[1134/1503] Linking C static library esp-idf/unity/libunity.a
[1135/1503] Building C object esp-idf/console/CMakeFiles/__idf_console.dir/argtable3/arg_cmd.c.obj
[1136/1503] Linking C static library esp-idf/cmock/libcmock.a
[1137/1503] Building C object esp-idf/console/CMakeFiles/__idf_console.dir/argtable3/arg_dbl.c.obj
[1138/1503] Building C object esp-idf/console/CMakeFiles/__idf_console.dir/argtable3/arg_end.c.obj
[1139/1503] Linking C static library esp-idf/bt/libbt.a
[1140/1503] Building C object esp-idf/console/CMakeFiles/__idf_console.dir/argtable3/arg_dstr.c.obj
[1141/1503] Building C object esp-idf/console/CMakeFiles/__idf_console.dir/esp_console_repl_chip.c.obj
[1142/1503] Building C object esp-idf/console/CMakeFiles/__idf_console.dir/argtable3/arg_file.c.obj
[1143/1503] Building C object esp-idf/console/CMakeFiles/__idf_console.dir/argtable3/arg_int.c.obj
[1144/1503] Building C object esp-idf/console/CMakeFiles/__idf_console.dir/argtable3/arg_rem.c.obj
[1145/1503] Building C object esp-idf/console/CMakeFiles/__idf_console.dir/linenoise/linenoise.c.obj
[1146/1503] Building C object esp-idf/console/CMakeFiles/__idf_console.dir/argtable3/arg_date.c.obj
[1147/1503] Building C object esp-idf/console/CMakeFiles/__idf_console.dir/argtable3/arg_hashtable.c.obj
[1148/1503] Building C object esp-idf/console/CMakeFiles/__idf_console.dir/argtable3/arg_lit.c.obj
[1149/1503] Building C object esp-idf/console/CMakeFiles/__idf_console.dir/argtable3/arg_str.c.obj
[1150/1503] Building C object esp-idf/esp_driver_cam/CMakeFiles/__idf_esp_driver_cam.dir/esp_cam_ctlr.c.obj
[1151/1503] Building C object esp-idf/esp_driver_cam/CMakeFiles/__idf_esp_driver_cam.dir/dvp_share_ctrl.c.obj
[1152/1503] Building C object esp-idf/console/CMakeFiles/__idf_console.dir/argtable3/arg_utils.c.obj
[1153/1503] Linking C static library esp-idf/esp_driver_cam/libesp_driver_cam.a
[1154/1503] Building C object esp-idf/console/CMakeFiles/__idf_console.dir/argtable3/arg_rex.c.obj
[1155/1503] Building C object esp-idf/esp_eth/CMakeFiles/__idf_esp_eth.dir/src/phy/esp_eth_phy_802_3.c.obj
[1156/1503] Building C object esp-idf/esp_eth/CMakeFiles/__idf_esp_eth.dir/src/esp_eth_netif_glue.c.obj
[1157/1503] Building C object esp-idf/esp_eth/CMakeFiles/__idf_esp_eth.dir/src/phy/esp_eth_phy_generic.c.obj
[1158/1503] Building C object esp-idf/esp_eth/CMakeFiles/__idf_esp_eth.dir/src/mac/esp_eth_mac_esp.c.obj
[1159/1503] Building C object esp-idf/esp_eth/CMakeFiles/__idf_esp_eth.dir/src/mac/esp_eth_mac_esp_dma.c.obj
[1160/1503] Building C object esp-idf/console/CMakeFiles/__idf_console.dir/argtable3/argtable3.c.obj
[1161/1503] Building C object esp-idf/esp_eth/CMakeFiles/__idf_esp_eth.dir/src/phy/esp_eth_phy_ksz80xx.c.obj
[1162/1503] Building C object esp-idf/esp_eth/CMakeFiles/__idf_esp_eth.dir/src/phy/esp_eth_phy_dp83848.c.obj
[1163/1503] Linking C static library esp-idf/console/libconsole.a
[1164/1503] Building C object esp-idf/esp_eth/CMakeFiles/__idf_esp_eth.dir/src/phy/esp_eth_phy_ip101.c.obj
[1165/1503] Building C object esp-idf/esp_eth/CMakeFiles/__idf_esp_eth.dir/src/phy/esp_eth_phy_rtl8201.c.obj
[1166/1503] Building C object esp-idf/esp_eth/CMakeFiles/__idf_esp_eth.dir/src/esp_eth.c.obj
[1167/1503] Building C object esp-idf/esp_eth/CMakeFiles/__idf_esp_eth.dir/src/mac/esp_eth_mac_esp_gpio.c.obj
[1168/1503] Building C object esp-idf/esp_eth/CMakeFiles/__idf_esp_eth.dir/src/phy/esp_eth_phy_lan87xx.c.obj
[1169/1503] Building C object esp-idf/esp_hid/CMakeFiles/__idf_esp_hid.dir/src/bt_hidd.c.obj
[1170/1503] Building C object esp-idf/esp_hid/CMakeFiles/__idf_esp_hid.dir/src/bt_hidh.c.obj
[1171/1503] Linking C static library esp-idf/esp_eth/libesp_eth.a
[1172/1503] Building C object esp-idf/esp_hid/CMakeFiles/__idf_esp_hid.dir/src/esp_hidd.c.obj
[1173/1503] Building C object esp-idf/esp_hid/CMakeFiles/__idf_esp_hid.dir/src/esp_hidh.c.obj
[1174/1503] Building C object esp-idf/esp_lcd/CMakeFiles/__idf_esp_lcd.dir/src/esp_lcd_panel_io.c.obj
[1175/1503] Building C object esp-idf/esp_lcd/CMakeFiles/__idf_esp_lcd.dir/src/esp_lcd_common.c.obj
[1176/1503] Building C object esp-idf/esp_hid/CMakeFiles/__idf_esp_hid.dir/src/esp_hid_common.c.obj
[1177/1503] Building C object esp-idf/esp_lcd/CMakeFiles/__idf_esp_lcd.dir/src/esp_lcd_panel_ops.c.obj
[1178/1503] Building C object esp-idf/esp_lcd/CMakeFiles/__idf_esp_lcd.dir/src/esp_lcd_panel_ssd1306.c.obj
[1179/1503] Building C object esp-idf/esp_lcd/CMakeFiles/__idf_esp_lcd.dir/src/esp_lcd_panel_nt35510.c.obj
[1180/1503] Building C object esp-idf/esp_hid/CMakeFiles/__idf_esp_hid.dir/src/ble_hidd.c.obj
[1181/1503] Building C object esp-idf/esp_hid/CMakeFiles/__idf_esp_hid.dir/src/ble_hidh.c.obj
[1182/1503] Linking C static library esp-idf/esp_hid/libesp_hid.a
[1183/1503] Building C object esp-idf/esp_lcd/CMakeFiles/__idf_esp_lcd.dir/src/esp_lcd_panel_st7789.c.obj
[1184/1503] Building C object esp-idf/esp_lcd/CMakeFiles/__idf_esp_lcd.dir/i2c/esp_lcd_panel_io_i2c_v1.c.obj
[1185/1503] Building C object esp-idf/protocomm/CMakeFiles/__idf_protocomm.dir/proto-c/constants.pb-c.c.obj
[1186/1503] Building C object esp-idf/esp_lcd/CMakeFiles/__idf_esp_lcd.dir/spi/esp_lcd_panel_io_spi.c.obj
[1187/1503] Building C object esp-idf/esp_https_server/CMakeFiles/__idf_esp_https_server.dir/src/https_server.c.obj
[1188/1503] Linking C static library esp-idf/esp_https_server/libesp_https_server.a
[1189/1503] Building C object esp-idf/protocomm/CMakeFiles/__idf_protocomm.dir/src/common/protocomm.c.obj
[1190/1503] Building C object esp-idf/protocomm/CMakeFiles/__idf_protocomm.dir/proto-c/sec1.pb-c.c.obj
[1191/1503] Building C object esp-idf/protocomm/CMakeFiles/__idf_protocomm.dir/proto-c/sec2.pb-c.c.obj
[1192/1503] Building C object esp-idf/protocomm/CMakeFiles/__idf_protocomm.dir/proto-c/sec0.pb-c.c.obj
[1193/1503] Building C object esp-idf/esp_lcd/CMakeFiles/__idf_esp_lcd.dir/i2c/esp_lcd_panel_io_i2c_v2.c.obj
[1194/1503] Building C object esp-idf/protocomm/CMakeFiles/__idf_protocomm.dir/proto-c/session.pb-c.c.obj
[1195/1503] Building C object esp-idf/protocomm/CMakeFiles/__idf_protocomm.dir/src/transports/protocomm_console.c.obj
[1196/1503] Building C object esp-idf/protocomm/CMakeFiles/__idf_protocomm.dir/src/transports/protocomm_httpd.c.obj
[1197/1503] Building C object esp-idf/protocomm/CMakeFiles/__idf_protocomm.dir/src/security/security0.c.obj
[1198/1503] Building C object esp-idf/protocomm/CMakeFiles/__idf_protocomm.dir/src/security/security1.c.obj
[1199/1503] Building C object esp-idf/protocomm/CMakeFiles/__idf_protocomm.dir/src/security/security2.c.obj
[1200/1503] Building C object esp-idf/protocomm/CMakeFiles/__idf_protocomm.dir/src/crypto/srp6a/esp_srp_mpi.c.obj
[1201/1503] Building C object esp-idf/protobuf-c/CMakeFiles/__idf_protobuf-c.dir/protobuf-c/protobuf-c/protobuf-c.c.obj
[1202/1503] Building C object esp-idf/protocomm/CMakeFiles/__idf_protocomm.dir/src/crypto/srp6a/esp_srp.c.obj
[1203/1503] Linking C static library esp-idf/protobuf-c/libprotobuf-c.a
[1204/1503] Building C object esp-idf/esp_local_ctrl/CMakeFiles/__idf_esp_local_ctrl.dir/src/esp_local_ctrl_handler.c.obj
[1205/1503] Building C object esp-idf/protocomm/CMakeFiles/__idf_protocomm.dir/src/simple_ble/simple_ble.c.obj
[1206/1503] Building C object esp-idf/espcoredump/CMakeFiles/__idf_espcoredump.dir/src/core_dump_init.c.obj
[1207/1503] Building C object esp-idf/esp_local_ctrl/CMakeFiles/__idf_esp_local_ctrl.dir/proto-c/esp_local_ctrl.pb-c.c.obj
[1208/1503] Building C object esp-idf/esp_lcd/CMakeFiles/__idf_esp_lcd.dir/i80/esp_lcd_panel_io_i2s.c.obj
[1209/1503] Building C object esp-idf/esp_local_ctrl/CMakeFiles/__idf_esp_local_ctrl.dir/src/esp_local_ctrl.c.obj
[1210/1503] Linking C static library esp-idf/esp_lcd/libesp_lcd.a
[1211/1503] Building C object esp-idf/esp_local_ctrl/CMakeFiles/__idf_esp_local_ctrl.dir/src/esp_local_ctrl_transport_httpd.c.obj
[1212/1503] Building C object esp-idf/espcoredump/CMakeFiles/__idf_espcoredump.dir/src/core_dump_sha.c.obj
[1213/1503] Building C object esp-idf/protocomm/CMakeFiles/__idf_protocomm.dir/src/transports/protocomm_ble.c.obj
[1214/1503] Building C object esp-idf/esp_local_ctrl/CMakeFiles/__idf_esp_local_ctrl.dir/src/esp_local_ctrl_transport_ble.c.obj
[1215/1503] Building C object esp-idf/espcoredump/CMakeFiles/__idf_espcoredump.dir/src/core_dump_common.c.obj
[1216/1503] Building C object esp-idf/espcoredump/CMakeFiles/__idf_espcoredump.dir/src/core_dump_crc.c.obj
[1217/1503] Building C object esp-idf/espcoredump/CMakeFiles/__idf_espcoredump.dir/src/core_dump_binary.c.obj
[1218/1503] Building C object esp-idf/espcoredump/CMakeFiles/__idf_espcoredump.dir/src/core_dump_uart.c.obj
[1219/1503] Linking C static library esp-idf/protocomm/libprotocomm.a
[1220/1503] Building C object esp-idf/espcoredump/CMakeFiles/__idf_espcoredump.dir/src/core_dump_flash.c.obj
[1221/1503] Linking C static library esp-idf/esp_local_ctrl/libesp_local_ctrl.a
[1222/1503] Building C object esp-idf/espcoredump/CMakeFiles/__idf_espcoredump.dir/src/port/xtensa/core_dump_port.c.obj
[1223/1503] Building CXX object esp-idf/wear_levelling/CMakeFiles/__idf_wear_levelling.dir/Partition.cpp.obj
[1224/1503] Building C object esp-idf/espcoredump/CMakeFiles/__idf_espcoredump.dir/src/core_dump_elf.c.obj
[1225/1503] Building CXX object esp-idf/wear_levelling/CMakeFiles/__idf_wear_levelling.dir/SPI_Flash.cpp.obj
[1226/1503] Linking C static library esp-idf/espcoredump/libespcoredump.a
[1227/1503] Building CXX object esp-idf/wear_levelling/CMakeFiles/__idf_wear_levelling.dir/WL_Ext_Perf.cpp.obj
[1228/1503] Building C object esp-idf/fatfs/CMakeFiles/__idf_fatfs.dir/diskio/diskio_rawflash.c.obj
[1229/1503] Building CXX object esp-idf/wear_levelling/CMakeFiles/__idf_wear_levelling.dir/WL_Ext_Safe.cpp.obj
[1230/1503] Building C object esp-idf/fatfs/CMakeFiles/__idf_fatfs.dir/diskio/diskio.c.obj
[1231/1503] Building C object esp-idf/fatfs/CMakeFiles/__idf_fatfs.dir/diskio/diskio_wl.c.obj
[1232/1503] Building CXX object esp-idf/wear_levelling/CMakeFiles/__idf_wear_levelling.dir/wear_levelling.cpp.obj
[1233/1503] Building C object esp-idf/fatfs/CMakeFiles/__idf_fatfs.dir/port/freertos/ffsystem.c.obj
[1234/1503] Building C object esp-idf/fatfs/CMakeFiles/__idf_fatfs.dir/src/ffunicode.c.obj
[1235/1503] Building CXX object esp-idf/wear_levelling/CMakeFiles/__idf_wear_levelling.dir/WL_Flash.cpp.obj
[1236/1503] Building C object esp-idf/fatfs/CMakeFiles/__idf_fatfs.dir/diskio/diskio_sdmmc.c.obj
[1237/1503] Linking C static library esp-idf/wear_levelling/libwear_levelling.a
[1238/1503] Building C object esp-idf/json/CMakeFiles/__idf_json.dir/cJSON/cJSON_Utils.c.obj
[1239/1503] Building C object esp-idf/fatfs/CMakeFiles/__idf_fatfs.dir/vfs/vfs_fat_spiflash.c.obj
[1240/1503] Building C object esp-idf/fatfs/CMakeFiles/__idf_fatfs.dir/vfs/vfs_fat_sdmmc.c.obj
[1241/1503] Building C object esp-idf/mqtt/CMakeFiles/__idf_mqtt.dir/esp-mqtt/lib/mqtt_outbox.c.obj
[1242/1503] Building C object esp-idf/nvs_sec_provider/CMakeFiles/__idf_nvs_sec_provider.dir/nvs_sec_provider.c.obj
[1243/1503] Building C object esp-idf/fatfs/CMakeFiles/__idf_fatfs.dir/src/ff.c.obj
[1244/1503] Linking C static library esp-idf/nvs_sec_provider/libnvs_sec_provider.a
[1245/1503] Building C object esp-idf/mqtt/CMakeFiles/__idf_mqtt.dir/esp-mqtt/lib/mqtt_msg.c.obj
[1246/1503] Building C object esp-idf/perfmon/CMakeFiles/__idf_perfmon.dir/xtensa_perfmon_access.c.obj
[1247/1503] Building C object esp-idf/mqtt/CMakeFiles/__idf_mqtt.dir/esp-mqtt/lib/platform_esp32_idf.c.obj
[1248/1503] Building C object esp-idf/json/CMakeFiles/__idf_json.dir/cJSON/cJSON.c.obj
[1249/1503] Building C object esp-idf/perfmon/CMakeFiles/__idf_perfmon.dir/xtensa_perfmon_apis.c.obj
[1250/1503] Linking C static library esp-idf/json/libjson.a
[1251/1503] Building C object esp-idf/rt/CMakeFiles/__idf_rt.dir/FreeRTOS_POSIX_utils.c.obj
[1252/1503] Linking C static library esp-idf/perfmon/libperfmon.a
[1253/1503] Building C object esp-idf/fatfs/CMakeFiles/__idf_fatfs.dir/vfs/vfs_fat.c.obj
[1254/1503] Building C object esp-idf/spiffs/CMakeFiles/__idf_spiffs.dir/spiffs_api.c.obj
[1255/1503] Building C object esp-idf/spiffs/CMakeFiles/__idf_spiffs.dir/spiffs/src/spiffs_cache.c.obj
[1256/1503] Linking C static library esp-idf/fatfs/libfatfs.a
[1257/1503] Building C object esp-idf/rt/CMakeFiles/__idf_rt.dir/FreeRTOS_POSIX_mqueue.c.obj
[1258/1503] Building C object esp-idf/spiffs/CMakeFiles/__idf_spiffs.dir/spiffs/src/spiffs_gc.c.obj
[1259/1503] Linking C static library esp-idf/rt/librt.a
[1260/1503] Building C object esp-idf/spiffs/CMakeFiles/__idf_spiffs.dir/spiffs/src/spiffs_hydrogen.c.obj
[1261/1503] Building C object esp-idf/mqtt/CMakeFiles/__idf_mqtt.dir/esp-mqtt/mqtt_client.c.obj
[1262/1503] Linking C static library esp-idf/mqtt/libmqtt.a
[1263/1503] Building C object esp-idf/wifi_provisioning/CMakeFiles/__idf_wifi_provisioning.dir/src/wifi_config.c.obj
[1264/1503] Building C object esp-idf/spiffs/CMakeFiles/__idf_spiffs.dir/spiffs/src/spiffs_check.c.obj
[1265/1503] Building C object esp-idf/wifi_provisioning/CMakeFiles/__idf_wifi_provisioning.dir/src/wifi_ctrl.c.obj
[1266/1503] Building C object esp-idf/wifi_provisioning/CMakeFiles/__idf_wifi_provisioning.dir/src/wifi_scan.c.obj
[1267/1503] Building C object esp-idf/wifi_provisioning/CMakeFiles/__idf_wifi_provisioning.dir/src/scheme_console.c.obj
[1268/1503] Building C object esp-idf/wifi_provisioning/CMakeFiles/__idf_wifi_provisioning.dir/proto-c/wifi_config.pb-c.c.obj
[1269/1503] Building C object esp-idf/wifi_provisioning/CMakeFiles/__idf_wifi_provisioning.dir/src/handlers.c.obj
[1270/1503] Building C object esp-idf/wifi_provisioning/CMakeFiles/__idf_wifi_provisioning.dir/proto-c/wifi_scan.pb-c.c.obj
[1271/1503] Building C object esp-idf/wifi_provisioning/CMakeFiles/__idf_wifi_provisioning.dir/proto-c/wifi_constants.pb-c.c.obj
[1272/1503] Building C object esp-idf/spiffs/CMakeFiles/__idf_spiffs.dir/esp_spiffs.c.obj
[1273/1503] Building C object esp-idf/wifi_provisioning/CMakeFiles/__idf_wifi_provisioning.dir/proto-c/wifi_ctrl.pb-c.c.obj
[1274/1503] Building C object esp-idf/spiffs/CMakeFiles/__idf_spiffs.dir/spiffs/src/spiffs_nucleus.c.obj
[1275/1503] Linking C static library esp-idf/spiffs/libspiffs.a
[1276/1503] Building C object esp-idf/wifi_provisioning/CMakeFiles/__idf_wifi_provisioning.dir/src/scheme_softap.c.obj
[1277/1503] Building C object esp-idf/arduino/CMakeFiles/__idf_arduino.dir/cores/esp32/ColorFormat.c.obj
[1278/1503] Building C object esp-idf/wifi_provisioning/CMakeFiles/__idf_wifi_provisioning.dir/src/scheme_ble.c.obj
[1279/1503] Building CXX object esp-idf/arduino/CMakeFiles/__idf_arduino.dir/cores/esp32/cbuf.cpp.obj
[1280/1503] Building C object esp-idf/arduino/CMakeFiles/__idf_arduino.dir/cores/esp32/esp32-hal-bt.c.obj
[1281/1503] Building C object esp-idf/arduino/CMakeFiles/__idf_arduino.dir/cores/esp32/esp32-hal-i2c.c.obj
[1282/1503] Building C object esp-idf/arduino/CMakeFiles/__idf_arduino.dir/cores/esp32/esp32-hal-dac.c.obj
[1283/1503] Building C object esp-idf/arduino/CMakeFiles/__idf_arduino.dir/cores/esp32/esp32-hal-cpu.c.obj
[1284/1503] Building C object esp-idf/wifi_provisioning/CMakeFiles/__idf_wifi_provisioning.dir/src/manager.c.obj
[1285/1503] Building C object esp-idf/arduino/CMakeFiles/__idf_arduino.dir/cores/esp32/esp32-hal-adc.c.obj
[1286/1503] Linking C static library esp-idf/wifi_provisioning/libwifi_provisioning.a
[1287/1503] Building C object esp-idf/arduino/CMakeFiles/__idf_arduino.dir/cores/esp32/esp32-hal-gpio.c.obj
[1288/1503] Building C object esp-idf/arduino/CMakeFiles/__idf_arduino.dir/cores/esp32/esp32-hal-i2c-ng.c.obj
[1289/1503] Building C object esp-idf/arduino/CMakeFiles/__idf_arduino.dir/cores/esp32/esp32-hal-i2c-slave.c.obj
[1290/1503] Building C object esp-idf/arduino/CMakeFiles/__idf_arduino.dir/cores/esp32/esp32-hal-periman.c.obj
[1291/1503] Building C object esp-idf/arduino/CMakeFiles/__idf_arduino.dir/cores/esp32/esp32-hal-matrix.c.obj
[1292/1503] Building C object esp-idf/arduino/CMakeFiles/__idf_arduino.dir/cores/esp32/esp32-hal-psram.c.obj
[1293/1503] Building C object esp-idf/arduino/CMakeFiles/__idf_arduino.dir/cores/esp32/esp32-hal-misc.c.obj
[1294/1503] Building C object esp-idf/arduino/CMakeFiles/__idf_arduino.dir/cores/esp32/esp32-hal-rgb-led.c.obj
[1295/1503] Building C object esp-idf/arduino/CMakeFiles/__idf_arduino.dir/cores/esp32/esp32-hal-sigmadelta.c.obj
[1296/1503] Building C object esp-idf/arduino/CMakeFiles/__idf_arduino.dir/cores/esp32/esp32-hal-tinyusb.c.obj
[1297/1503] Building C object esp-idf/arduino/CMakeFiles/__idf_arduino.dir/cores/esp32/esp32-hal-ledc.c.obj
[1298/1503] Building C object esp-idf/arduino/CMakeFiles/__idf_arduino.dir/cores/esp32/esp32-hal-touch-ng.c.obj
[1299/1503] Building C object esp-idf/arduino/CMakeFiles/__idf_arduino.dir/cores/esp32/esp32-hal-timer.c.obj
[1300/1503] Building C object esp-idf/arduino/CMakeFiles/__idf_arduino.dir/cores/esp32/esp32-hal-time.c.obj
[1301/1503] Building C object esp-idf/arduino/CMakeFiles/__idf_arduino.dir/cores/esp32/esp32-hal-touch.c.obj
[1302/1503] Building CXX object esp-idf/arduino/CMakeFiles/__idf_arduino.dir/cores/esp32/base64.cpp.obj
[1303/1503] Building CXX object esp-idf/arduino/CMakeFiles/__idf_arduino.dir/cores/esp32/freertos_stats.cpp.obj
[1304/1503] Building C object esp-idf/arduino/CMakeFiles/__idf_arduino.dir/cores/esp32/esp32-hal-rmt.c.obj
[1305/1503] Building C object esp-idf/arduino/CMakeFiles/__idf_arduino.dir/cores/esp32/esp32-hal-spi.c.obj
[1306/1503] Building C object esp-idf/arduino/CMakeFiles/__idf_arduino.dir/cores/esp32/esp32-hal-uart.c.obj
[1307/1503] Building CXX object esp-idf/arduino/CMakeFiles/__idf_arduino.dir/cores/esp32/MacAddress.cpp.obj
[1308/1503] Building CXX object esp-idf/arduino/CMakeFiles/__idf_arduino.dir/cores/esp32/IPAddress.cpp.obj
[1309/1503] Building CXX object esp-idf/arduino/CMakeFiles/__idf_arduino.dir/cores/esp32/chip-debug-report.cpp.obj
[1310/1503] Building CXX object esp-idf/arduino/CMakeFiles/__idf_arduino.dir/cores/esp32/HEXBuilder.cpp.obj
[1311/1503] Building CXX object esp-idf/arduino/CMakeFiles/__idf_arduino.dir/cores/esp32/FunctionalInterrupt.cpp.obj
[1312/1503] Building C object esp-idf/arduino/CMakeFiles/__idf_arduino.dir/cores/esp32/stdlib_noniso.c.obj
[1313/1503] Building CXX object esp-idf/arduino/CMakeFiles/__idf_arduino.dir/cores/esp32/HardwareSerial.cpp.obj
[1314/1503] Building CXX object esp-idf/arduino/CMakeFiles/__idf_arduino.dir/cores/esp32/main.cpp.obj
[1315/1503] Building CXX object esp-idf/arduino/CMakeFiles/__idf_arduino.dir/cores/esp32/HWCDC.cpp.obj
[1316/1503] Building CXX object esp-idf/arduino/CMakeFiles/__idf_arduino.dir/cores/esp32/USB.cpp.obj
[1317/1503] Building CXX object esp-idf/arduino/CMakeFiles/__idf_arduino.dir/cores/esp32/USBCDC.cpp.obj
[1318/1503] Building CXX object esp-idf/arduino/CMakeFiles/__idf_arduino.dir/cores/esp32/USBMSC.cpp.obj
[1319/1503] Building CXX object esp-idf/arduino/CMakeFiles/__idf_arduino.dir/cores/esp32/FirmwareMSC.cpp.obj
[1320/1503] Building CXX object esp-idf/arduino/CMakeFiles/__idf_arduino.dir/cores/esp32/MD5Builder.cpp.obj
[1321/1503] Building C object esp-idf/arduino/CMakeFiles/__idf_arduino.dir/cores/esp32/firmware_msc_fat.c.obj
[1322/1503] Building CXX object esp-idf/arduino/CMakeFiles/__idf_arduino.dir/cores/esp32/Print.cpp.obj
[1323/1503] Building C object esp-idf/arduino/CMakeFiles/__idf_arduino.dir/cores/esp32/wiring_pulse.c.obj
[1324/1503] Building CXX object esp-idf/arduino/CMakeFiles/__idf_arduino.dir/cores/esp32/WMath.cpp.obj
[1325/1503] Building C object esp-idf/arduino/CMakeFiles/__idf_arduino.dir/cores/esp32/wiring_shift.c.obj
[1326/1503] Building CXX object esp-idf/arduino/CMakeFiles/__idf_arduino.dir/cores/esp32/SHA1Builder.cpp.obj
[1327/1503] Building CXX object esp-idf/arduino/CMakeFiles/__idf_arduino.dir/cores/esp32/Stream.cpp.obj
[1328/1503] Building CXX object esp-idf/arduino/CMakeFiles/__idf_arduino.dir/cores/esp32/StreamString.cpp.obj
[1329/1503] Building CXX object esp-idf/arduino/CMakeFiles/__idf_arduino.dir/cores/esp32/Tone.cpp.obj
[1330/1503] Building CXX object esp-idf/arduino/CMakeFiles/__idf_arduino.dir/cores/esp32/Esp.cpp.obj
[1331/1503] Building CXX object esp-idf/arduino/CMakeFiles/__idf_arduino.dir/cores/esp32/WString.cpp.obj
[1332/1503] Building CXX object esp-idf/arduino/CMakeFiles/__idf_arduino.dir/libraries/AsyncUDP/src/AsyncUDP.cpp.obj
[1333/1503] Building CXX object esp-idf/arduino/CMakeFiles/__idf_arduino.dir/libraries/BLE/src/BLE2902.cpp.obj
[1334/1503] Building CXX object esp-idf/arduino/CMakeFiles/__idf_arduino.dir/libraries/BLE/src/BLEBeacon.cpp.obj
[1335/1503] Building CXX object esp-idf/arduino/CMakeFiles/__idf_arduino.dir/libraries/BLE/src/BLE2904.cpp.obj
[1336/1503] Building CXX object esp-idf/arduino/CMakeFiles/__idf_arduino.dir/libraries/BLE/src/BLEAddress.cpp.obj
[1337/1503] Building CXX object esp-idf/arduino/CMakeFiles/__idf_arduino.dir/libraries/BLE/src/BLE2901.cpp.obj
[1338/1503] Building CXX object esp-idf/arduino/CMakeFiles/__idf_arduino.dir/libraries/ArduinoOTA/src/ArduinoOTA.cpp.obj
[1339/1503] Building CXX object esp-idf/arduino/CMakeFiles/__idf_arduino.dir/libraries/BLE/src/BLEAdvertising.cpp.obj
[1340/1503] Building CXX object esp-idf/arduino/CMakeFiles/__idf_arduino.dir/libraries/BLE/src/BLEAdvertisedDevice.cpp.obj
[1341/1503] Building CXX object esp-idf/arduino/CMakeFiles/__idf_arduino.dir/libraries/BLE/src/BLEDescriptorMap.cpp.obj
[1342/1503] Building CXX object esp-idf/arduino/CMakeFiles/__idf_arduino.dir/libraries/BLE/src/BLEClient.cpp.obj
[1343/1503] Building CXX object esp-idf/arduino/CMakeFiles/__idf_arduino.dir/libraries/BLE/src/BLEDescriptor.cpp.obj
[1344/1503] Building CXX object esp-idf/arduino/CMakeFiles/__idf_arduino.dir/libraries/BLE/src/BLEEddystoneTLM.cpp.obj
[1345/1503] Building CXX object esp-idf/arduino/CMakeFiles/__idf_arduino.dir/libraries/BLE/src/BLECharacteristic.cpp.obj
[1346/1503] Building CXX object esp-idf/arduino/CMakeFiles/__idf_arduino.dir/libraries/BLE/src/BLECharacteristicMap.cpp.obj
[1347/1503] Building CXX object esp-idf/arduino/CMakeFiles/__idf_arduino.dir/libraries/BLE/src/BLESecurity.cpp.obj
[1348/1503] Building CXX object esp-idf/arduino/CMakeFiles/__idf_arduino.dir/libraries/BLE/src/BLEHIDDevice.cpp.obj
[1349/1503] Building CXX object esp-idf/arduino/CMakeFiles/__idf_arduino.dir/libraries/BLE/src/BLEEddystoneURL.cpp.obj
[1350/1503] Building CXX object esp-idf/arduino/CMakeFiles/__idf_arduino.dir/libraries/BLE/src/BLEDevice.cpp.obj
[1351/1503] Building CXX object esp-idf/arduino/CMakeFiles/__idf_arduino.dir/libraries/BLE/src/BLEScan.cpp.obj
[1352/1503] Building CXX object esp-idf/arduino/CMakeFiles/__idf_arduino.dir/libraries/BLE/src/BLERemoteCharacteristic.cpp.obj
[1353/1503] Building CXX object esp-idf/arduino/CMakeFiles/__idf_arduino.dir/libraries/BLE/src/BLERemoteDescriptor.cpp.obj
[1354/1503] Building CXX object esp-idf/arduino/CMakeFiles/__idf_arduino.dir/libraries/BLE/src/BLEValue.cpp.obj
[1355/1503] Building CXX object esp-idf/arduino/CMakeFiles/__idf_arduino.dir/libraries/BLE/src/BLEServer.cpp.obj
[1356/1503] Building CXX object esp-idf/arduino/CMakeFiles/__idf_arduino.dir/libraries/BLE/src/BLERemoteService.cpp.obj
[1357/1503] Building CXX object esp-idf/arduino/CMakeFiles/__idf_arduino.dir/libraries/BLE/src/BLEUUID.cpp.obj
[1358/1503] Building CXX object esp-idf/arduino/CMakeFiles/__idf_arduino.dir/libraries/BLE/src/BLEService.cpp.obj
[1359/1503] Building CXX object esp-idf/arduino/CMakeFiles/__idf_arduino.dir/libraries/BLE/src/FreeRTOS.cpp.obj
[1360/1503] Building CXX object esp-idf/arduino/CMakeFiles/__idf_arduino.dir/libraries/BLE/src/BLEServiceMap.cpp.obj
[1361/1503] Building CXX object esp-idf/arduino/CMakeFiles/__idf_arduino.dir/libraries/BLE/src/BLEUtils.cpp.obj
[1362/1503] Building CXX object esp-idf/arduino/CMakeFiles/__idf_arduino.dir/libraries/BLE/src/GeneralUtils.cpp.obj
[1363/1503] Building CXX object esp-idf/arduino/CMakeFiles/__idf_arduino.dir/libraries/BluetoothSerial/src/BTAddress.cpp.obj
[1364/1503] Building CXX object esp-idf/arduino/CMakeFiles/__idf_arduino.dir/libraries/BluetoothSerial/src/BluetoothSerial.cpp.obj
[1365/1503] Building CXX object esp-idf/arduino/CMakeFiles/__idf_arduino.dir/libraries/ESP_SR/src/ESP_SR.cpp.obj
[1366/1503] Building C object esp-idf/arduino/CMakeFiles/__idf_arduino.dir/libraries/ESP_SR/src/esp32-hal-sr.c.obj
[1367/1503] Building CXX object esp-idf/arduino/CMakeFiles/__idf_arduino.dir/libraries/ESPmDNS/src/ESPmDNS.cpp.obj
[1368/1503] Building CXX object esp-idf/arduino/CMakeFiles/__idf_arduino.dir/libraries/BluetoothSerial/src/BTAdvertisedDeviceSet.cpp.obj
[1369/1503] Building CXX object esp-idf/arduino/CMakeFiles/__idf_arduino.dir/libraries/ESP_NOW/src/ESP32_NOW.cpp.obj
[1370/1503] Building CXX object esp-idf/arduino/CMakeFiles/__idf_arduino.dir/libraries/ESP_NOW/src/ESP32_NOW_Serial.cpp.obj
[1371/1503] Building CXX object esp-idf/arduino/CMakeFiles/__idf_arduino.dir/libraries/EEPROM/src/EEPROM.cpp.obj
[1372/1503] Building CXX object esp-idf/arduino/CMakeFiles/__idf_arduino.dir/libraries/BluetoothSerial/src/BTScanResultsSet.cpp.obj
[1373/1503] Building CXX object esp-idf/arduino/CMakeFiles/__idf_arduino.dir/libraries/ESP_I2S/src/ESP_I2S.cpp.obj
/home/raymond/VSCODE/breath-detect-espidf/components/arduino/libraries/ESP_I2S/src/ESP_I2S.cpp: In member function 'bool I2SClass::initSTD(uint32_t, i2s_data_bit_width_t, i2s_slot_mode_t, int8_t)':
/home/raymond/VSCODE/breath-detect-espidf/components/arduino/libraries/ESP_I2S/src/ESP_I2S.cpp:26:3: warning: missing initializer for member 'i2s_chan_config_t::allow_pd' [-Wmissing-field-initializers]
   26 |   }
      |   ^
/home/raymond/VSCODE/breath-detect-espidf/components/arduino/libraries/ESP_I2S/src/ESP_I2S.cpp:344:32: note: in expansion of macro 'I2S_DEFAULT_CFG'
  344 |   i2s_chan_config_t chan_cfg = I2S_DEFAULT_CFG();
      |                                ^~~~~~~~~~~~~~~
/home/raymond/VSCODE/breath-detect-espidf/components/arduino/libraries/ESP_I2S/src/ESP_I2S.cpp: In member function 'bool I2SClass::initPDMtx(uint32_t, i2s_data_bit_width_t, i2s_slot_mode_t)':
/home/raymond/VSCODE/breath-detect-espidf/components/arduino/libraries/ESP_I2S/src/ESP_I2S.cpp:26:3: warning: missing initializer for member 'i2s_chan_config_t::allow_pd' [-Wmissing-field-initializers]
   26 |   }
      |   ^
/home/raymond/VSCODE/breath-detect-espidf/components/arduino/libraries/ESP_I2S/src/ESP_I2S.cpp:544:32: note: in expansion of macro 'I2S_DEFAULT_CFG'
  544 |   i2s_chan_config_t chan_cfg = I2S_DEFAULT_CFG();
      |                                ^~~~~~~~~~~~~~~
/home/raymond/VSCODE/breath-detect-espidf/components/arduino/libraries/ESP_I2S/src/ESP_I2S.cpp: In member function 'bool I2SClass::initPDMrx(uint32_t, i2s_data_bit_width_t, i2s_slot_mode_t)':
/home/raymond/VSCODE/breath-detect-espidf/components/arduino/libraries/ESP_I2S/src/ESP_I2S.cpp:26:3: warning: missing initializer for member 'i2s_chan_config_t::allow_pd' [-Wmissing-field-initializers]
   26 |   }
      |   ^
/home/raymond/VSCODE/breath-detect-espidf/components/arduino/libraries/ESP_I2S/src/ESP_I2S.cpp:628:32: note: in expansion of macro 'I2S_DEFAULT_CFG'
  628 |   i2s_chan_config_t chan_cfg = I2S_DEFAULT_CFG();
      |                                ^~~~~~~~~~~~~~~
[1374/1503] Building CXX object esp-idf/arduino/CMakeFiles/__idf_arduino.dir/libraries/Insights/src/Insights.cpp.obj
[1375/1503] Building CXX object esp-idf/arduino/CMakeFiles/__idf_arduino.dir/libraries/LittleFS/src/LittleFS.cpp.obj
[1376/1503] Building CXX object esp-idf/arduino/CMakeFiles/__idf_arduino.dir/libraries/Matter/src/MatterEndpoints/MatterGenericSwitch.cpp.obj
[1377/1503] Building CXX object esp-idf/arduino/CMakeFiles/__idf_arduino.dir/libraries/Matter/src/MatterEndpoints/MatterOnOffLight.cpp.obj
[1378/1503] Building CXX object esp-idf/arduino/CMakeFiles/__idf_arduino.dir/libraries/Matter/src/MatterEndpoints/MatterDimmableLight.cpp.obj
[1379/1503] Building CXX object esp-idf/arduino/CMakeFiles/__idf_arduino.dir/libraries/Matter/src/MatterEndpoints/MatterColorTemperatureLight.cpp.obj
[1380/1503] Building CXX object esp-idf/arduino/CMakeFiles/__idf_arduino.dir/libraries/Matter/src/MatterEndpoints/MatterColorLight.cpp.obj
[1381/1503] Building CXX object esp-idf/arduino/CMakeFiles/__idf_arduino.dir/libraries/Matter/src/MatterEndpoints/MatterEnhancedColorLight.cpp.obj
[1382/1503] Building CXX object esp-idf/arduino/CMakeFiles/__idf_arduino.dir/libraries/Matter/src/MatterEndpoints/MatterFan.cpp.obj
[1383/1503] Building CXX object esp-idf/arduino/CMakeFiles/__idf_arduino.dir/libraries/Matter/src/MatterEndpoints/MatterTemperatureSensor.cpp.obj
[1384/1503] Building CXX object esp-idf/arduino/CMakeFiles/__idf_arduino.dir/libraries/Matter/src/MatterEndpoints/MatterHumiditySensor.cpp.obj
[1385/1503] Building CXX object esp-idf/arduino/CMakeFiles/__idf_arduino.dir/libraries/Matter/src/MatterEndpoints/MatterContactSensor.cpp.obj
[1386/1503] Building CXX object esp-idf/arduino/CMakeFiles/__idf_arduino.dir/libraries/Matter/src/MatterEndpoints/MatterPressureSensor.cpp.obj
[1387/1503] Building CXX object esp-idf/arduino/CMakeFiles/__idf_arduino.dir/libraries/Matter/src/MatterEndpoints/MatterOccupancySensor.cpp.obj
[1388/1503] Building CXX object esp-idf/arduino/CMakeFiles/__idf_arduino.dir/libraries/Matter/src/MatterEndpoints/MatterOnOffPlugin.cpp.obj
[1389/1503] Building CXX object esp-idf/arduino/CMakeFiles/__idf_arduino.dir/libraries/Matter/src/MatterEndpoints/MatterThermostat.cpp.obj
[1390/1503] Building CXX object esp-idf/arduino/CMakeFiles/__idf_arduino.dir/libraries/Matter/src/Matter.cpp.obj
[1391/1503] Building CXX object esp-idf/arduino/CMakeFiles/__idf_arduino.dir/libraries/DNSServer/src/DNSServer.cpp.obj
[1392/1503] Building CXX object esp-idf/arduino/CMakeFiles/__idf_arduino.dir/libraries/FS/src/FS.cpp.obj
[1393/1503] Building CXX object esp-idf/arduino/CMakeFiles/__idf_arduino.dir/libraries/NetBIOS/src/NetBIOS.cpp.obj
[1394/1503] Building CXX object esp-idf/arduino/CMakeFiles/__idf_arduino.dir/libraries/Ethernet/src/ETH.cpp.obj
[1395/1503] Building CXX object esp-idf/arduino/CMakeFiles/__idf_arduino.dir/libraries/Network/src/NetworkInterface.cpp.obj
[1396/1503] Building CXX object esp-idf/arduino/CMakeFiles/__idf_arduino.dir/libraries/FFat/src/FFat.cpp.obj
[1397/1503] Building CXX object esp-idf/arduino/CMakeFiles/__idf_arduino.dir/libraries/HTTPUpdate/src/HTTPUpdate.cpp.obj
[1398/1503] Building CXX object esp-idf/arduino/CMakeFiles/__idf_arduino.dir/libraries/OpenThread/src/OThreadCLI.cpp.obj
[1399/1503] Building CXX object esp-idf/arduino/CMakeFiles/__idf_arduino.dir/libraries/FS/src/vfs_api.cpp.obj
[1400/1503] Building CXX object esp-idf/arduino/CMakeFiles/__idf_arduino.dir/libraries/OpenThread/src/OThreadCLI_Util.cpp.obj
[1401/1503] Building CXX object esp-idf/arduino/CMakeFiles/__idf_arduino.dir/libraries/PPP/src/PPP.cpp.obj
[1402/1503] Building C object esp-idf/arduino/CMakeFiles/__idf_arduino.dir/libraries/PPP/src/ppp.c.obj
[1403/1503] Building CXX object esp-idf/arduino/CMakeFiles/__idf_arduino.dir/libraries/RainMaker/src/RMaker.cpp.obj
[1404/1503] Building CXX object esp-idf/arduino/CMakeFiles/__idf_arduino.dir/libraries/RainMaker/src/RMakerNode.cpp.obj
[1405/1503] Building CXX object esp-idf/arduino/CMakeFiles/__idf_arduino.dir/libraries/RainMaker/src/RMakerParam.cpp.obj
[1406/1503] Building CXX object esp-idf/arduino/CMakeFiles/__idf_arduino.dir/libraries/RainMaker/src/RMakerDevice.cpp.obj
[1407/1503] Building CXX object esp-idf/arduino/CMakeFiles/__idf_arduino.dir/libraries/RainMaker/src/RMakerType.cpp.obj
[1408/1503] Building CXX object esp-idf/arduino/CMakeFiles/__idf_arduino.dir/libraries/Network/src/NetworkManager.cpp.obj
[1409/1503] Building CXX object esp-idf/arduino/CMakeFiles/__idf_arduino.dir/libraries/RainMaker/src/RMakerQR.cpp.obj
[1410/1503] Building CXX object esp-idf/arduino/CMakeFiles/__idf_arduino.dir/libraries/RainMaker/src/RMakerUtils.cpp.obj
[1411/1503] Building CXX object esp-idf/arduino/CMakeFiles/__idf_arduino.dir/libraries/RainMaker/src/AppInsights.cpp.obj
[1412/1503] Building CXX object esp-idf/arduino/CMakeFiles/__idf_arduino.dir/libraries/HTTPClient/src/HTTPClient.cpp.obj
[1413/1503] Building CXX object esp-idf/arduino/CMakeFiles/__idf_arduino.dir/libraries/Network/src/NetworkEvents.cpp.obj
[1414/1503] Building CXX object esp-idf/arduino/CMakeFiles/__idf_arduino.dir/libraries/Network/src/NetworkUdp.cpp.obj
[1415/1503] Building CXX object esp-idf/arduino/CMakeFiles/__idf_arduino.dir/libraries/Preferences/src/Preferences.cpp.obj
[1416/1503] Building CXX object esp-idf/arduino/CMakeFiles/__idf_arduino.dir/libraries/SimpleBLE/src/SimpleBLE.cpp.obj
[1417/1503] Building CXX object esp-idf/arduino/CMakeFiles/__idf_arduino.dir/libraries/SPI/src/SPI.cpp.obj
[1418/1503] Building CXX object esp-idf/arduino/CMakeFiles/__idf_arduino.dir/libraries/Network/src/NetworkServer.cpp.obj
[1419/1503] Building CXX object esp-idf/arduino/CMakeFiles/__idf_arduino.dir/libraries/Update/src/HttpsOTAUpdate.cpp.obj
[1420/1503] Building CXX object esp-idf/arduino/CMakeFiles/__idf_arduino.dir/libraries/USB/src/USBHID.cpp.obj
[1421/1503] Building CXX object esp-idf/arduino/CMakeFiles/__idf_arduino.dir/libraries/USB/src/USBMIDI.cpp.obj
[1422/1503] Building CXX object esp-idf/arduino/CMakeFiles/__idf_arduino.dir/libraries/USB/src/USBHIDMouse.cpp.obj
[1423/1503] Building CXX object esp-idf/arduino/CMakeFiles/__idf_arduino.dir/libraries/USB/src/USBHIDKeyboard.cpp.obj
[1424/1503] Building CXX object esp-idf/arduino/CMakeFiles/__idf_arduino.dir/libraries/Ticker/src/Ticker.cpp.obj
[1425/1503] Building CXX object esp-idf/arduino/CMakeFiles/__idf_arduino.dir/libraries/SD/src/sd_diskio.cpp.obj
[1426/1503] Building CXX object esp-idf/arduino/CMakeFiles/__idf_arduino.dir/libraries/SD_MMC/src/SD_MMC.cpp.obj
[1427/1503] Building CXX object esp-idf/arduino/CMakeFiles/__idf_arduino.dir/libraries/SD/src/SD.cpp.obj
[1428/1503] Building CXX object esp-idf/arduino/CMakeFiles/__idf_arduino.dir/libraries/Network/src/NetworkClient.cpp.obj
[1429/1503] Building CXX object esp-idf/arduino/CMakeFiles/__idf_arduino.dir/libraries/Update/src/Updater.cpp.obj
[1430/1503] Building CXX object esp-idf/arduino/CMakeFiles/__idf_arduino.dir/libraries/USB/src/keyboardLayout/KeyboardLayout_de_DE.cpp.obj
[1431/1503] Building CXX object esp-idf/arduino/CMakeFiles/__idf_arduino.dir/libraries/SPIFFS/src/SPIFFS.cpp.obj
[1432/1503] Building CXX object esp-idf/arduino/CMakeFiles/__idf_arduino.dir/libraries/USB/src/keyboardLayout/KeyboardLayout_da_DK.cpp.obj
[1433/1503] Building CXX object esp-idf/arduino/CMakeFiles/__idf_arduino.dir/libraries/USB/src/keyboardLayout/KeyboardLayout_es_ES.cpp.obj
[1434/1503] Building CXX object esp-idf/arduino/CMakeFiles/__idf_arduino.dir/libraries/USB/src/USBHIDGamepad.cpp.obj
[1435/1503] Building CXX object esp-idf/arduino/CMakeFiles/__idf_arduino.dir/libraries/USB/src/USBHIDConsumerControl.cpp.obj
[1436/1503] Building CXX object esp-idf/arduino/CMakeFiles/__idf_arduino.dir/libraries/USB/src/USBHIDSystemControl.cpp.obj
[1437/1503] Building CXX object esp-idf/arduino/CMakeFiles/__idf_arduino.dir/libraries/USB/src/USBHIDVendor.cpp.obj
[1438/1503] Building CXX object esp-idf/arduino/CMakeFiles/__idf_arduino.dir/libraries/USB/src/USBVendor.cpp.obj
[1439/1503] Building CXX object esp-idf/arduino/CMakeFiles/__idf_arduino.dir/libraries/USB/src/keyboardLayout/KeyboardLayout_en_US.cpp.obj
[1440/1503] Building CXX object esp-idf/arduino/CMakeFiles/__idf_arduino.dir/libraries/USB/src/keyboardLayout/KeyboardLayout_hu_HU.cpp.obj
[1441/1503] Building CXX object esp-idf/arduino/CMakeFiles/__idf_arduino.dir/libraries/USB/src/keyboardLayout/KeyboardLayout_fr_FR.cpp.obj
[1442/1503] Building CXX object esp-idf/arduino/CMakeFiles/__idf_arduino.dir/libraries/USB/src/keyboardLayout/KeyboardLayout_it_IT.cpp.obj
[1443/1503] Building CXX object esp-idf/arduino/CMakeFiles/__idf_arduino.dir/libraries/WebServer/src/middleware/MiddlewareChain.cpp.obj
[1444/1503] Building CXX object esp-idf/arduino/CMakeFiles/__idf_arduino.dir/libraries/USB/src/keyboardLayout/KeyboardLayout_pt_BR.cpp.obj
[1445/1503] Building CXX object esp-idf/arduino/CMakeFiles/__idf_arduino.dir/libraries/USB/src/keyboardLayout/KeyboardLayout_pt_PT.cpp.obj
[1446/1503] Building CXX object esp-idf/arduino/CMakeFiles/__idf_arduino.dir/libraries/USB/src/keyboardLayout/KeyboardLayout_sv_SE.cpp.obj
[1447/1503] Building CXX object esp-idf/arduino/CMakeFiles/__idf_arduino.dir/libraries/WebServer/src/middleware/LoggingMiddleware.cpp.obj
[1448/1503] Building CXX object esp-idf/arduino/CMakeFiles/__idf_arduino.dir/libraries/NetworkClientSecure/src/ssl_client.cpp.obj
/home/raymond/VSCODE/breath-detect-espidf/components/arduino/libraries/NetworkClientSecure/src/ssl_client.cpp:23:2: warning: #warning "Please call `idf.py menuconfig` then go to Component config -> mbedTLS -> TLS Key Exchange Methods -> Enable pre-shared-key ciphersuites and then check `Enable PSK based ciphersuite modes`. Save and Quit." [-Wcpp]
   23 | #warning \
      |  ^~~~~~~
[1449/1503] Building CXX object esp-idf/arduino/CMakeFiles/__idf_arduino.dir/libraries/WebServer/src/Parsing.cpp.obj
[1450/1503] Building CXX object esp-idf/arduino/CMakeFiles/__idf_arduino.dir/libraries/WiFi/src/WiFiAP.cpp.obj
[1451/1503] Building CXX object esp-idf/arduino/CMakeFiles/__idf_arduino.dir/libraries/WebServer/src/middleware/AuthenticationMiddleware.cpp.obj
[1452/1503] Building CXX object esp-idf/arduino/CMakeFiles/__idf_arduino.dir/libraries/WebServer/src/WebServer.cpp.obj
[1453/1503] Building CXX object esp-idf/arduino/CMakeFiles/__idf_arduino.dir/libraries/WebServer/src/middleware/CorsMiddleware.cpp.obj
[1454/1503] Building CXX object esp-idf/arduino/CMakeFiles/__idf_arduino.dir/libraries/NetworkClientSecure/src/NetworkClientSecure.cpp.obj
[1455/1503] Building CXX object esp-idf/arduino/CMakeFiles/__idf_arduino.dir/libraries/WiFiProv/src/WiFiProv.cpp.obj
[1456/1503] Building CXX object esp-idf/arduino/CMakeFiles/__idf_arduino.dir/libraries/Wire/src/Wire.cpp.obj
[1457/1503] Building CXX object esp-idf/arduino/CMakeFiles/__idf_arduino.dir/libraries/Zigbee/src/ZigbeeCore.cpp.obj
[1458/1503] Building CXX object esp-idf/arduino/CMakeFiles/__idf_arduino.dir/libraries/Zigbee/src/ZigbeeEP.cpp.obj
[1459/1503] Building CXX object esp-idf/arduino/CMakeFiles/__idf_arduino.dir/libraries/WiFi/src/WiFi.cpp.obj
[1460/1503] Building CXX object esp-idf/arduino/CMakeFiles/__idf_arduino.dir/libraries/WiFi/src/WiFiMulti.cpp.obj
[1461/1503] Building CXX object esp-idf/arduino/CMakeFiles/__idf_arduino.dir/libraries/Zigbee/src/ep/ZigbeeColorDimmableLight.cpp.obj
[1462/1503] Building CXX object esp-idf/arduino/CMakeFiles/__idf_arduino.dir/libraries/Zigbee/src/ep/ZigbeeColorDimmerSwitch.cpp.obj
[1463/1503] Building CXX object esp-idf/arduino/CMakeFiles/__idf_arduino.dir/libraries/Zigbee/src/ep/ZigbeeLight.cpp.obj
[1464/1503] Building CXX object esp-idf/arduino/CMakeFiles/__idf_arduino.dir/libraries/Zigbee/src/ep/ZigbeeDimmableLight.cpp.obj
[1465/1503] Building CXX object esp-idf/arduino/CMakeFiles/__idf_arduino.dir/libraries/Zigbee/src/ep/ZigbeeSwitch.cpp.obj
[1466/1503] Building CXX object esp-idf/arduino/CMakeFiles/__idf_arduino.dir/libraries/Zigbee/src/ep/ZigbeeTempSensor.cpp.obj
[1467/1503] Building CXX object esp-idf/arduino/CMakeFiles/__idf_arduino.dir/libraries/Zigbee/src/ep/ZigbeeThermostat.cpp.obj
[1468/1503] Building CXX object esp-idf/arduino/CMakeFiles/__idf_arduino.dir/libraries/Zigbee/src/ep/ZigbeePressureSensor.cpp.obj
[1469/1503] Building CXX object esp-idf/arduino/CMakeFiles/__idf_arduino.dir/libraries/Zigbee/src/ep/ZigbeeFlowSensor.cpp.obj
[1470/1503] Building CXX object esp-idf/arduino/CMakeFiles/__idf_arduino.dir/libraries/Zigbee/src/ep/ZigbeeOccupancySensor.cpp.obj
[1471/1503] Building CXX object esp-idf/arduino/CMakeFiles/__idf_arduino.dir/libraries/WiFi/src/WiFiGeneric.cpp.obj
[1472/1503] Building CXX object esp-idf/arduino/CMakeFiles/__idf_arduino.dir/libraries/Zigbee/src/ep/ZigbeeCarbonDioxideSensor.cpp.obj
[1473/1503] Building CXX object esp-idf/arduino/CMakeFiles/__idf_arduino.dir/libraries/Zigbee/src/ep/ZigbeeContactSwitch.cpp.obj
[1474/1503] Building CXX object esp-idf/arduino/CMakeFiles/__idf_arduino.dir/libraries/Zigbee/src/ep/ZigbeeDoorWindowHandle.cpp.obj
[1475/1503] Building CXX object esp-idf/arduino/CMakeFiles/__idf_arduino.dir/libraries/Zigbee/src/ep/ZigbeeWindowCovering.cpp.obj
[1476/1503] Building CXX object esp-idf/arduino/CMakeFiles/__idf_arduino.dir/libraries/Zigbee/src/ep/ZigbeeVibrationSensor.cpp.obj
[1477/1503] Building CXX object esp-idf/arduino/CMakeFiles/__idf_arduino.dir/libraries/Zigbee/src/ep/ZigbeeAnalog.cpp.obj
[1478/1503] Building CXX object esp-idf/arduino/CMakeFiles/__idf_arduino.dir/libraries/Zigbee/src/ep/ZigbeeRangeExtender.cpp.obj
[1479/1503] Building CXX object esp-idf/arduino/CMakeFiles/__idf_arduino.dir/libraries/Zigbee/src/ep/ZigbeeWindSpeedSensor.cpp.obj
[1480/1503] Building CXX object esp-idf/arduino/CMakeFiles/__idf_arduino.dir/libraries/Zigbee/src/ep/ZigbeeGateway.cpp.obj
[1481/1503] Building CXX object esp-idf/arduino/CMakeFiles/__idf_arduino.dir/libraries/Zigbee/src/ep/ZigbeeIlluminanceSensor.cpp.obj
[1482/1503] Building CXX object esp-idf/arduino/CMakeFiles/__idf_arduino.dir/libraries/WiFi/src/AP.cpp.obj
[1483/1503] Building CXX object esp-idf/arduino/CMakeFiles/__idf_arduino.dir/libraries/WiFi/src/WiFiSTA.cpp.obj
[1484/1503] Building CXX object esp-idf/arduino/CMakeFiles/__idf_arduino.dir/libraries/Zigbee/src/ZigbeeHandlers.cpp.obj
[1485/1503] Building CXX object esp-idf/arduino/CMakeFiles/__idf_arduino.dir/libraries/WiFi/src/STA.cpp.obj
[1486/1503] Building CXX object esp-idf/arduino/CMakeFiles/__idf_arduino.dir/libraries/WiFi/src/WiFiScan.cpp.obj
[1487/1503] Linking C static library esp-idf/arduino/libarduino.a
[1488/1503] Building CXX object esp-idf/Adafruit_BusIO/CMakeFiles/__idf_Adafruit_BusIO.dir/Adafruit_BusIO_Register.cpp.obj
[1489/1503] Building CXX object esp-idf/Adafruit_MLX90614/CMakeFiles/__idf_Adafruit_MLX90614.dir/Adafruit_MLX90614.cpp.obj
[1490/1503] Building CXX object esp-idf/Adafruit_BusIO/CMakeFiles/__idf_Adafruit_BusIO.dir/Adafruit_SPIDevice.cpp.obj
[1491/1503] Building CXX object esp-idf/main/CMakeFiles/__idf_main.dir/app_main.cpp.obj
[1492/1503] Building CXX object esp-idf/Adafruit_BusIO/CMakeFiles/__idf_Adafruit_BusIO.dir/Adafruit_I2CDevice.cpp.obj
[1493/1503] Building CXX object esp-idf/Adafruit_BusIO/CMakeFiles/__idf_Adafruit_BusIO.dir/Adafruit_GenericDevice.cpp.obj
[1494/1503] Linking C static library esp-idf/Adafruit_BusIO/libAdafruit_BusIO.a
[1495/1503] Linking C static library esp-idf/Adafruit_MLX90614/libAdafruit_MLX90614.a
[1496/1503] Building CXX object esp-idf/arduinoFFT/CMakeFiles/__idf_arduinoFFT.dir/arduinoFFT.cpp.obj
[1497/1503] Linking C static library esp-idf/arduinoFFT/libarduinoFFT.a
[1498/1503] Building CXX object esp-idf/main/CMakeFiles/__idf_main.dir/arduino_sketch.cpp.obj
[1499/1503] Linking C static library esp-idf/main/libmain.a
[1500/1503] Generating ld/sections.ld
[1501/1503] Linking CXX executable breath_detect_espidf.elf
[1502/1503] Generating binary image from built executable
esptool.py v4.10.0
Creating esp32 image...
Merged 2 ELF sections
Successfully created esp32 image.
Generated /home/raymond/VSCODE/breath-detect-espidf/build/breath_detect_espidf.bin
[1503/1503] cd /home/raymond/VSCODE/breath-detect-espidf/build/esp-idf/esptool_py && /home/raymond/.espressif/python_env/idf5.5_py3.12_env/bin/python /home/raymond/esp/esp-idf/components/partition_table/check_sizes.py --offset 0x8000 partition --type app /home/raymond/VSCODE/breath-detect-espidf/build/partition_table/partition-table.bin /home/raymond/VSCODE/breath-detect-espidf/build/breath_detect_espidf.bin
breath_detect_espidf.bin binary size 0x10bea0 bytes. Smallest app partition is 0x177000 bytes. 0x6b160 bytes (29%) free.

Project build complete. To flash, run:
 idf.py flash
or
 idf.py -p PORT flash
or
 python -m esptool --chip esp32 -b 460800 --before default_reset --after hard_reset write_flash --flash_mode dio --flash_size 4MB --flash_freq 40m 0x1000 build/bootloader/bootloader.bin 0x8000 build/partition_table/partition-table.bin 0x10000 build/breath_detect_espidf.bin
or from the "/home/raymond/VSCODE/breath-detect-espidf/build" directory
 python -m esptool --chip esp32 -b 460800 --before default_reset --after hard_reset write_flash "@flash_args"
